0.178229421323676,0.161321161826677,0.1835007422105,0.14912314315519,0.191162294421105,0.197851334828341,0.161476824467295,0.209375004833287,0.130171086015215,0.157095068016174,0.148590483556,0.160569351416188,0.131582598814004,0.16352921789217,0.197554011671716,0.16341883247367,0.145334938667812,0.141995192687326,0.120878925980481,0.167768997044157,0.139583955365729,0.145193190122988,161.080420933264,0.187096267015466,0.175581066295704,0.147578688537122,0.183175408890155,0.130143948640261,0.193947279308927,0.15570770911441,0.158978349087004,0.144608249933459
10.1393696015287,10.2471947933231,10.1566081755596,10.1536454116083,10.0649526361223,9.92747240904082,10.197959599422,9.55593351545102,10.4145393705473,10.3263914490321,10.4205756647124,10.271864549532,10.420428002162,10.059617086913,9.8589061797907,10.4205113730544,10.2036678918222,10.260800183629,10.3596800029041,10.2803417422003,10.5296802194288,10.2786709202844,9747.25066907441,10.1663568282,10.0317806910075,10.1869360550331,9.82116872977405,10.1379176370239,10.0975205009868,10.2443470277203,10.3288846279163,10.2956360030709
1099.75496508127,1096.47556357793,1099.20814308125,1084.1602356367,1093.09588387007,1094.90328664982,1087.29704616693,1202.32993385339,1077.67058195208,1082.42291598725,1090.56003091633,1081.84083008656,1083.99903409056,1079.7240028144,1083.90569016604,1087.75130833059,1082.90416126142,1079.8957742515,1080.37280505716,1077.82532536177,1089.93538707939,1084.58067146468,1045798.66924009,1080.93504880171,1086.95423540861,1087.676863232,1096.65494821778,1084.65067623894,1097.81376681316,1101.40527431743,1087.60345707418,1088.93446845269
2171.20865687145,2169.84583061094,2153.0133015102,2199.99234780095,2161.24180831955,2160.23806584729,2169.88531941815,2162.74924288573,2164.29718290671,2200.56591499444,2157.3180614726,2179.4710087186,2167.48084797702,2174.35058788917,2160.90416257996,2161.81615983433,2161.25161638443,2171.98962080932,2176.0772177686,2163.81972469625,2159.11632912213,2168.08200318302,2077908.58745154,2180.97041056437,2174.93239780847,2164.217748557,2231.82220192634,2181.11692713247,2179.16919117137,2180.48676068512,2177.66736643754,2167.30621747222
2082.46694985333,2065.59458078461,2073.29742114779,2054.93077251991,2067.50074972397,2065.46449879492,2067.44610574497,2165.7338429707,2066.02591565473,2067.62955254749,2069.6231341903,2070.08105850205,2072.30575831634,2077.07218502143,2069.29613258345,2064.56400384307,2070.96513267985,2071.56413136442,2070.34864152776,2068.67409820924,2065.74333864259,2071.1799714473,1988187.30800626,2076.85714024247,2065.98410849945,2069.80924080131,2080.82085948219,2061.1945595079,2071.46076033758,2083.98146633587,2062.51169472965,2069.64331817409
897.043499995479,880.062228965687,878.287532182167,874.811093002473,878.117312061529,874.148999059701,870.47902238894,838.288637515032,879.870148042857,867.780020899671,876.769488681238,873.156257049897,876.714649499452,873.055157552697,873.974404624901,874.828245489385,880.068979762737,877.009620656455,875.794276057212,877.412598840174,880.409122275565,876.807492432638,838952.183768104,877.9648098573,870.74624124008,875.89925780777,877.573814923859,878.59128382291,874.803164824542,889.676862058009,874.038590217224,879.579343890196
1345.90584948856,1338.04590635134,1337.56403437422,1338.42252143704,1333.31360165745,1336.03486009302,1336.17155298458,1321.34814740523,1335.18356032305,1338.8010098827,1337.71910073391,1337.35840737534,1338.4886728449,1339.57265410767,1339.73331577652,1344.99994875131,1346.68366138356,1340.41803940697,1337.35684286072,1336.03076147101,1337.86084468895,1331.88717999869,1282392.93609083,1334.70546165529,1344.36051962435,1333.99045617282,1346.02707147974,1339.51829569817,1339.78728060591,1347.14561683499,1333.98700175373,1334.16020915043
1730.70789847033,1725.39502020755,1726.62939333719,1723.14681395555,1722.63903652268,1722.94465964174,1724.64348500318,1743.82402550245,1718.6755541052,1722.02151316759,1722.7899783628,1720.95676750485,1724.01611020002,1721.34104614574,1722.98807559028,1724.12267018601,1729.55944856265,1724.43852188668,1719.7163183144,1723.72108865857,1717.86676795815,1718.18791848208,1655804.45427847,1739.42855295014,1726.70896622114,1723.44002413605,1739.93946003853,1718.68432410194,1726.04436286563,1733.11459085299,1724.59734175069,1722.34623423611
742.752301873867,738.247891035538,737.908158568074,737.087202956447,737.737466797493,736.040666091078,735.601518371008,741.508440434131,738.523329450517,733.81472018096,733.281833338059,734.760874944384,737.415008486004,736.851901555831,737.817124903987,739.007648891114,746.407456595074,741.106963042794,740.590966554124,746.524555651767,741.922827013149,738.03747670352,708765.374979544,737.694199001424,733.726523627515,738.681812449202,747.202042412895,742.056709482034,740.19379374623,743.066216200569,737.707347871388,739.494725717129
769.116656464866,765.240164974951,763.92232513955,764.151821829115,762.266261270949,763.461705802496,763.709927704846,756.498421243737,761.751208370553,761.524080308046,758.130498796443,761.963349327371,761.853901941173,761.637578895004,759.969995263361,763.080994434311,761.07381729641,759.46935028558,758.67295526961,758.073403482627,756.993502843793,761.194399777286,731004.732435002,757.928936038792,759.517490069688,761.408578084116,765.203105551587,760.192406918097,763.711647662486,766.410992933639,763.431237086858,761.992315503414
244.864135594758,241.984129816335,242.532991670989,241.700266530463,241.778043472371,242.331839163156,241.937901843309,242.703831304389,241.272855882818,242.275566560198,242.806943387767,241.450378228946,241.396300883328,241.948384821096,244.335731735297,243.349848293329,241.197437260176,241.311272112139,240.972790699222,242.131035790162,240.576510253242,241.671252034763,231875.063302896,245.190941301952,241.20412379973,242.104341157987,248.585064839274,244.520172876675,243.823994286526,244.261899679022,242.182078681772,241.843960978267
567.625221564817,563.287338192112,564.211880676376,562.015498801937,561.381814630528,562.148169715839,562.335553117616,560.944459845578,561.16196626828,561.026981653617,561.739105023111,561.176782679352,560.761542441142,560.554627107985,563.618221705305,565.134076579033,566.489039590666,563.260750737171,561.981212046366,562.117273100932,562.404726647227,560.260695995792,539879.952588348,562.953811122204,565.191587409796,561.648539109218,561.373438998492,562.818657804223,564.652243861752,566.527035827369,561.597002940426,560.83847647278
99.0255300073581,97.3998078824521,97.4561819435191,97.1986470469631,96.417009325844,96.9404205663542,97.1953433890198,97.3401633145204,96.1267817147513,96.6535551492054,96.8940435013094,96.2934879209648,95.8618533860151,96.5212933170836,96.7540564736675,96.5043488630694,96.2887298569536,95.7273456557702,95.5857109102264,96.0156331255786,95.5942192979174,96.07170216393,92184.7325759587,95.6894158963379,95.7859082137112,96.2132487743605,97.0306415479404,96.7334672307773,96.9583416879321,98.9588660935959,96.6712601474268,96.1013233346765
55.089054843991,54.2682297019232,54.4356796382758,54.0299312497796,54.3020663886492,54.043095407625,53.8747273127035,53.3254494682852,53.9671224167846,54.1286778882332,54.5719689664759,54.1779589132601,54.011493783092,54.9282984671023,56.1864178419145,56.5413611228254,55.8120732255488,54.5859476977971,53.898671800557,55.0232927771465,54.0139605187851,54.0824016688498,51695.0109555401,55.0428708202445,53.752729840671,54.2905706328298,55.9913550931731,54.5606238238099,54.5137285015121,55.405916860836,54.2355839444171,54.4355878551249
95.3493140150754,94.728186631421,95.7139009881212,95.1563144684071,94.5308239119145,95.3710309876448,96.2965164284995,95.3391539643829,95.1650278564023,95.5236592278944,96.2991898752642,95.2257342802773,94.9024178880673,95.6284652495161,96.8600258638193,96.3287553302697,96.4713353788234,95.494118674788,95.1153590988533,96.0952931792197,95.0900585860371,94.6351208361792,91217.9875654696,96.0734184757524,95.5483564779726,94.8320315097567,95.1743441982012,97.3141107629924,95.5519957966208,96.2922897076997,94.6621084588742,94.6843795029024
46.311688084633,45.7918424680612,45.3492407841731,45.6380454768019,45.360674285426,45.2637593946049,45.043387491424,45.3886931405474,45.089624967127,45.1750415187642,45.16219829882,45.1552202784997,45.2691307227054,45.6263816466418,46.4525788106517,46.8755223609105,47.6743767252675,45.9070246539773,45.4751129860373,46.2711180070855,45.3814317586518,45.3433758504113,43325.3104279159,46.07539190501,45.1141779491637,45.2999021295173,45.3019599266346,45.2058491202378,45.7654005133644,46.0416325860305,45.5344330097183,45.1174424704061
214.777171154141,214.815522789013,215.712076746589,215.159294591055,214.006251136498,215.711616486667,215.965941728312,214.918343120395,213.978754839434,215.230005582321,215.253803696778,214.725950355065,213.957598317832,214.858794790918,214.722738735333,215.081096925216,215.93266831248,214.702008754355,214.209458743624,214.663551864728,214.143028122085,213.811973728736,205819.844555607,214.374428757365,214.290677136412,213.73935217634,214.964048990967,215.683007999358,214.609909146699,214.724162123058,214.051802742338,213.836358138759
537.19725957849,536.417583013577,535.628379183038,535.898315691954,535.635060357323,536.25732448188,536.757774724506,537.951879047868,535.208086984848,535.648544991266,536.808166465228,535.432220208493,535.285650831325,535.469844733555,535.911356712545,533.567984810836,535.63404635926,534.882137668337,535.336221225246,535.733687920942,535.305016681212,536.508031998666,514556.611108045,534.455736727779,535.712698098091,535.996308128497,536.238219115653,536.946266183569,536.704369439543,537.11411160649,535.990003848114,535.78751318331
613.771028698787,612.174121230258,612.972572600061,613.10929838816,612.417578635069,613.037292536232,612.212767418289,613.967169113627,613.282547150932,613.512883004209,613.156910476473,613.782419211056,613.146957768535,614.602700488081,616.040989624126,617.367361378777,618.400016551969,615.718504277866,614.222445090553,614.90697872049,614.107697823842,613.839510592114,589530.606256495,614.443157476754,614.178518303271,612.648461785618,611.103099774563,616.489623796847,613.565681139928,613.984301423191,612.785176241584,613.128025034672
264.016188880705,264.448498190038,264.75406082338,263.783044622914,262.983180059986,264.010136669121,264.203425440838,263.925741450771,262.431781600895,262.902136971514,263.098333443546,262.607750939616,262.14009787355,261.665499957112,261.311976622231,261.397565455134,261.743493717347,261.511700154048,261.997712914903,262.420544382551,263.080120299992,262.547761027391,252488.346633457,265.125276638797,264.361622563652,263.431863892625,265.184393736086,264.120258931193,263.896692404457,263.845336687481,263.678372743557,262.928202750374
43.4305774133976,43.305776787647,43.4995922039328,43.1273403724389,43.4421218538848,43.2121100426034,43.3334221143699,43.2779078958222,43.5063696671128,43.5280948973201,43.9504599888424,43.6597308899196,43.8344433044897,44.2644134947516,45.4498820849077,45.4288769357317,46.3498941588992,44.8119654297483,44.1266584898402,44.6626594399251,43.8028245066197,43.7917615642875,41684.1286377012,43.0887918755042,43.6483589976955,43.4671672037952,43.793564602624,43.8133767502194,43.2299452009617,43.4388931141769,43.3188842647125,43.5267772055583
222.249311191216,222.355903365792,222.906617255643,222.597242746556,222.104163339854,222.747059003339,222.550621828671,222.979249244744,221.527199166127,221.872476627256,221.857949549816,221.495702008536,220.97904423067,221.465082102615,223.1017474004,222.301491786565,220.886238773913,220.254751369632,220.236968953909,219.494921485951,220.220335021552,221.219322883999,212494.292262994,219.663309010362,220.546538843324,221.354183045735,221.764183884273,221.051306187921,222.087921865691,221.880331694189,222.145315903953,221.344687100996
188.26470764558,188.065722546438,188.108547154547,187.726036497143,187.790339721993,187.856674170109,187.862378294889,188.057284316749,187.318497960312,187.469589387984,188.010002784386,187.134979460556,186.830951989344,187.129210252016,187.024592991026,186.59661705768,187.660855533623,186.778592383683,186.985681704748,187.905139164899,187.421022692842,187.462965523109,179948.861476534,189.32806757076,188.178851471187,187.867521024755,188.050026766794,187.897409963754,188.785944836195,188.705766986377,188.062005968067,187.783566657276
145.171194353622,144.832469672921,145.185261337182,144.482163940765,144.660982113318,144.5112101302,144.740150833972,145.355769306486,144.900198309598,144.821375166717,146.339968666697,145.455755928903,145.07503954439,146.423860226437,148.656337228957,147.733869070943,146.35289030214,145.214723705625,144.736499480174,145.179001882167,144.358119653532,144.545872399014,139094.31896195,146.192074944342,144.787992836916,144.384173726301,144.548724218294,145.023038166042,144.782393607118,145.081624405175,144.439463657038,144.460022564674
33.7694077288981,33.7689847703841,34.4342601358738,33.8384536034249,33.5735449685808,33.8965068042696,34.4596281556941,33.2606027801228,33.4625558459432,33.7902791038079,34.1072559911665,33.6474973442374,33.4111048776577,34.1670365268269,35.5314852089844,35.3704373945977,35.2136508146821,33.9076054457353,33.5878792468537,34.250312354103,33.5992102293129,33.418511286791,32141.8373333907,33.779710319393,33.5613692155047,33.4449714950251,33.9102489367371,33.892948894018,33.5676435410712,33.6574122035137,33.6346574938453,33.3640318289321
85.9898739064895,85.6012743224213,85.7334618789211,85.4694017411297,85.1440327208075,84.957589506583,85.219710028358,85.053769966309,84.9841383438071,84.6597246294777,84.7674955875783,84.3713826762951,84.6858350186805,83.5119386277153,82.5632411672193,82.9377598437462,84.9016070018767,84.489004132901,84.6679854032487,85.7470977141657,85.140222476573,84.8685480774185,81256.1275434383,85.8706735291236,85.6032864973596,85.1398727127854,85.6341941250936,86.2536729590622,85.5731533838112,86.416550253945,85.3518359686169,84.9570808858373
40.4514320149766,40.3494205247319,40.8908337001627,40.4945943103511,40.3373745769672,40.4835619412235,40.0568855726989,40.4886353403743,40.0863506355715,39.9963246352554,40.085372630295,39.9538817457359,40.1730427962384,40.3606058841164,41.6512314183363,41.9479398403159,42.5658896782365,41.0436000730415,40.4168568741311,40.8109877128633,40.1143347526881,40.2847788091078,38496.1931671817,39.9429499092624,40.1139927686666,40.316102821527,40.8312345682096,40.2686151245201,40.5649138650842,40.3544329576032,40.3386552139613,40.234841127803
9.05225460641836,8.9802597499085,9.32510858664928,8.96192475961807,8.80731425238059,9.01503202024517,9.11875679544073,8.78028943518847,8.66084600483233,8.83418119135538,9.13183108858069,8.77109497527786,8.68526164408541,9.16250290041816,10.3267735429169,9.95054359782327,10.1647652404808,9.10009073624374,8.8038510452437,9.42371837241794,8.82422902902706,8.71432602393951,8292.6295391482,9.40011101421872,8.85478669909349,8.81524712244691,9.1810849747757,9.19593866871308,8.77264763303761,9.06336370502769,8.84802923318983,8.72062058336181
16.940074601532,16.7069696437334,17.9315227225126,16.7956431125133,16.5986052550159,16.5767716098738,16.6860167128599,16.498916269278,16.537531407634,16.8288189000416,16.6966005076454,16.6957228274847,16.6544461765626,17.0704947763849,17.9028974937886,17.6810645270896,17.9124023916384,17.0019650789604,16.7714724062439,17.1884930604494,16.7444514590059,16.5510263043687,15833.6182543884,16.886073719515,16.7910016616726,16.610812882001,16.907154771261,17.1919425756025,16.8821638645792,16.9911599447449,16.6801783676619,16.5951110128223
101.610314256491,101.478749955623,102.678358664564,101.759571433395,102.115642688039,101.898420899868,102.687799766735,102.062415590603,102.117266845268,101.948069599727,102.796115211751,101.989736257363,102.230738220612,102.321065195638,103.066656244088,103.149933319237,104.782570334205,103.012560525931,102.630415738804,103.493233930173,102.22595720752,102.447634543185,97855.9936031168,101.488119684352,101.636575888869,102.033292981378,102.107502092713,101.740373238767,101.828529332632,101.429052277936,101.986998174886,102.169914819512
137.097724670801,137.363562599574,137.477964096937,138.146947134076,137.434505489589,137.357993746071,137.232610506034,137.000284486176,137.040505468154,137.111124349104,137.409536085553,137.15160884103,136.72438729336,137.791286638093,139.787234630595,139.20557492147,137.306435671951,136.520188062761,136.582191389436,136.671175950661,136.236808498759,136.499064376594,131314.511373481,135.784607707156,136.265173606714,136.672865386155,135.945543075941,136.696770693611,136.51969146361,137.083399286594,137.021814287771,136.712519492708
49.3158606688408,49.0738654043313,51.6959734266001,48.9011756113695,48.9862327489633,48.8371152385345,49.8197294514559,49.058190032859,49.032845544205,49.1462405568398,49.3649109846392,49.1149547058391,49.1053774690692,49.2773607113987,50.1200167287381,50.2317543020221,50.9264909270593,49.7803302421529,49.3478324382014,50.4125580020151,49.3136532582496,49.1686430215343,47105.9491022202,49.1485214236396,49.1791312652199,48.935965638376,49.9559408452799,49.3704565125618,49.3705585048453,49.3058235300566,49.0016112971051,49.0364920369687
31.0330539529236,30.9136897250677,31.6260407242359,30.829033826452,30.8387476073035,30.7858997972744,30.6952815443996,30.6636974313339,30.5564177944305,30.4809593256993,30.6805287207508,30.4101808089607,30.3975368429703,30.5489180681028,31.3496134037965,31.0099408722164,31.1884039616037,30.532667617605,30.5130641675406,30.8010190223764,30.6644546323807,30.4275456671462,29273.4077701694,31.0985963890389,31.0351718198469,30.8573919891091,31.804514921613,31.3094558980225,31.3622906575035,31.1157937450656,30.8951949741147,30.6704898977926
78.7116518606807,78.8608563381671,80.3967901343248,78.8356074651983,78.6240071085179,79.1062426708885,78.9755100355064,79.1655431762081,78.4682250115715,78.5398943067519,78.6963152035838,78.5272627806941,78.5510422583508,79.0092994110015,80.0152010834901,80.0307252376416,79.7203590964933,78.615844510784,78.1608419872237,78.0732575636601,77.8495230868971,78.1250047349708,75184.1956696213,77.2056367950979,77.7621357861633,78.2599229099706,77.6319523192659,77.8534969368557,78.2382155029033,78.7033332531543,78.4578792019166,78.392149123514
34.2831710219782,34.3412009425427,34.6505973575746,34.5770127712574,34.3958470847396,34.4705355814853,34.024133824718,34.4565131697892,34.1223444479343,34.04379526038,34.0912886944473,34.0805942653556,34.1120752938051,34.3787680103281,35.4660895300155,35.7920480335937,35.74943838186,34.4572152484535,34.1593743418806,34.5157956209812,34.0147249048568,34.0933318189812,32690.0600927312,33.6839011620798,34.0051786634404,34.1612464305998,34.4723810400841,34.3879917524992,34.1305027073955,34.0485850200072,34.3160463450072,34.254648429201
26.8255876269681,26.9064363016474,28.5632832591593,26.89997264217,26.7812728191532,26.9432673624509,27.2126380609876,26.7723339857411,26.6384036750835,26.6603997036785,26.8557591663696,26.5283714127194,26.5941851164385,26.6562322846774,26.9738350542567,26.8108738648647,27.1038007850275,26.6141968622049,26.6312916671875,26.8964963571514,26.8964859703812,26.7161503892555,25557.2935820455,26.9130192987496,26.9404515015543,26.8621049344953,27.1732883015963,27.110730588669,26.8000847425838,26.9610509318043,26.78845948396,26.7718379581345
26.0390452488625,25.9934164733242,27.1571415609677,25.9001235171595,25.8492190915871,25.8405130098827,26.0975244950987,25.5888251988342,25.7478303242165,25.8847647063475,25.94623815484,25.7282299463411,25.6987686390658,25.8499522683744,26.5289552947897,26.4881346601451,26.4810693656005,25.8987079262397,25.8003672225042,26.0010542719597,25.8888624642858,25.7156199706182,24714.9960729762,26.0220928223962,25.9735344404288,25.8275896758686,26.0438663370099,26.3899000491837,25.9926009770455,25.968350121148,25.8295616820388,25.812776586308
50.0206646413294,50.2875769994098,50.9397233173049,50.2257108693061,50.227064287143,50.0095767833724,50.1544081596983,50.2294025726599,50.274160841933,50.2970465063041,50.3847632707831,50.378263112864,50.3332751553977,50.7294706558867,51.188872778584,51.3555661691331,51.1109336508943,50.661510441337,50.5408068335696,50.6995217613038,50.5615163364392,50.4174065848452,48299.358524273,50.4042121350574,50.38792586902,50.3390349610278,50.8045878997976,50.0215616451652,50.5043252106316,50.4530308687098,50.3511848164543,50.3079049705404
15.3862194466473,15.353482894674,15.7864064096415,15.3919411938566,15.3389299209414,15.2755957611413,15.2858844206435,15.3803651039729,15.3537371607925,15.3560879641609,15.472323725256,15.4490323979287,15.4397670736369,15.7418491473061,16.3985912616889,16.3618502590523,16.2310745041371,15.6353538260559,15.4348200438509,15.6367745178912,15.4369182590211,15.3569466937674,14713.6547143721,15.2899845818719,15.2269410994901,15.3582302725815,15.3258641999579,15.1355849061664,15.3569229426002,15.0787548596803,15.3301247550301,15.3442111692792
1.61162605097672,1.58756859390293,2.13582398693319,1.58060249568266,1.55777373358283,1.59620877306832,1.60849597444113,1.54860153922791,1.54104831729731,1.56828248803376,1.64134787913126,1.58855335962398,1.58198184212431,1.72136487913418,2.10392947638939,2.25622750657957,2.40944058226789,1.81146899799146,1.65048039236492,1.86971885396801,1.63211554615223,1.57871497012189,1491.14256698417,1.66134612163625,1.57999465396338,1.55768138454833,1.65995724450148,1.74186533029884,1.66390341543101,1.660957508665,1.57872861549019,1.54985302329755
5.90727039591251,5.95321259173737,6.37059428902107,5.8992251913463,5.90160646161629,5.89727719065473,5.8991718604004,5.91013998005545,5.90039284313572,5.91715592566616,5.92517490298569,5.89665262337957,5.90140581264465,5.92495726319282,6.1357729818058,6.20485275150127,6.24911887170899,5.9721141183968,5.94396773610068,6.03904853075005,5.98277680257494,5.92547525275281,5636.09086024985,6.05323263124365,5.89815902725866,5.9108165704984,6.00058568766059,5.91062539461498,5.84505778532276,5.92358967220761,5.90486890146004,5.89222158212079
6.86337002512769,6.93341265745834,6.96890479988069,6.93958229238153,6.90233420949307,6.90630626613138,6.92122754315582,6.88736694305381,6.85019970145969,6.83707020071526,6.87839691308932,6.83047835666809,6.8694143213602,6.87384921992731,7.06328623602461,7.13198467210889,7.25271018496726,6.98926985182567,6.91358292841652,7.04163255404988,6.91953781626364,6.85664744375108,6578.78273143344,6.88460031005863,6.82952713438709,6.89828574700899,6.92633242600239,6.8832636647799,6.92646492001477,6.94491223505187,6.90369671706581,6.8674693496454
13.5526846004902,13.5163007684482,13.6217353065724,13.4480635052996,13.4287072180355,13.3379830975448,13.4118917842367,13.4431362244347,13.4151418239643,13.4064304645359,13.3918718291304,13.4099493651119,13.427941452391,13.4548502318001,13.6237885242337,13.6162759503542,13.6693830761365,13.4858735964754,13.4391538927536,13.5660247729373,13.4308100886093,13.4135908245419,12898.9557177133,13.4150501671015,13.5147111475617,13.4349122258678,13.5236693627223,13.5146161874926,13.5208339404947,13.5264674465895,13.4433678522267,13.4126852190304
8.22637416713136,8.18858631397269,8.33753860898626,8.19472248679351,8.20267523871451,8.21642201940201,8.24394937111766,8.23082857209958,8.22394085999569,8.24608290601552,8.23429121482208,8.23748072715428,8.23273553081149,8.27507152748453,8.40389789425259,8.44228769388882,8.40915370339021,8.26598925326361,8.2281615271513,8.27569989091428,8.26455646289517,8.23776316074243,7888.87720532505,8.36417901083443,8.21891678961955,8.21059948429936,8.22909822326237,8.18678636302176,8.17728253240936,8.1967109585349,8.19723625450607,8.21480757318571
5.98238026281066,5.9197529087494,5.95285738104699,5.94911585011547,5.94440601960951,5.91100662977808,5.90907947852285,5.94652136173875,5.952014047509,5.9316908167448,5.96064045338219,5.96973924699839,5.95575297719019,6.03591758735026,6.18331022771681,6.14111831165806,6.10256163106527,5.98231339974392,5.93701355002063,5.98877034822977,5.9137435634696,5.93609309907105,5706.57329735242,5.94639727421308,5.92843293101708,5.93840039637879,5.98170675608394,5.93957598808075,5.97689511928945,5.94768241587681,5.94838064728877,5.93478508886139
1.80698140430557,1.79215846753036,1.82893918517944,1.78827009470612,1.78110072753272,1.78480902880975,1.77739085088435,1.78125190059235,1.76918068166786,1.77898441869142,1.79250285293743,1.77104886987279,1.76566709944523,1.77383269744818,1.83394493154673,1.8304221293483,1.84046469044804,1.77661287609136,1.7674667069635,1.78067662662961,1.76515997959387,1.76192261990459,1695.24785161788,1.7716282966633,1.78206077680101,1.77364695734625,1.77677322335542,1.79639914679608,1.78096439250678,1.80028151956314,1.78410493264055,1.77316497644073
0.345632200706218,0.342828075952505,0.378999450990817,0.343216834066128,0.337564832231182,0.337425752385688,0.336947398261143,0.324150895681826,0.325921180248743,0.330870264226217,0.336735375709904,0.323227110327824,0.323749771788964,0.329112958020396,0.373780363697022,0.373669044625352,0.382264953674865,0.33310874514749,0.329484457327153,0.346886073483177,0.333597891489823,0.326437464279075,313.254026892309,0.337414048858452,0.353710103494416,0.338068638110709,0.348127727668204,0.347873225206566,0.351752121573264,0.345631560644088,0.339740553239029,0.332152343756317
0.941034487835391,0.935814713570974,0.972301899341943,0.934377244651844,0.93492022068582,0.939224683150093,0.938534889365392,0.940612883473128,0.939194798472807,0.944368532520386,0.948002864078615,0.948118494220743,0.943618565964737,0.969074346150755,1.02618007435076,1.0170291815803,0.999568815890618,0.957607681735673,0.945621640077994,0.959577638299347,0.944417948229444,0.936343706162231,901.152907723155,0.923357719567775,0.94016044715217,0.933831811342385,0.941045081918986,0.937036485933206,0.945958408449938,0.939246102491177,0.936643839414034,0.934177857206109
1.44994179399006,1.46141046512313,1.50987574711798,1.46117135827235,1.45712546515603,1.46625150316654,1.45730686771377,1.45677462141524,1.45302599049474,1.45350645760963,1.45343925547288,1.45144633063189,1.45211942381593,1.45439193794366,1.47794400534047,1.47360874245647,1.48961620970423,1.463515243855,1.45721377057197,1.4682314694597,1.4550723837654,1.45295774203576,1395.95132082303,1.45853674207655,1.4575804557249,1.45428381775722,1.46065323297508,1.45626141411233,1.47290451025121,1.45849658579459,1.45628436470821,1.45251320808527
1.68419422935666,1.67625280647533,1.67828678666692,1.67329997007456,1.67208683224651,1.67974486177746,1.66960608447775,1.66452035420969,1.66474070262473,1.6622408198912,1.65777438219678,1.6603307429193,1.66562840065022,1.65483315565303,1.65532775482779,1.67277160833154,1.69372728475528,1.67534281857556,1.67279297748454,1.67782586252369,1.67504943819859,1.66914738124491,1601.75934490755,1.68654973655112,1.6686706579719,1.67561211353507,1.67270366294006,1.68854833608329,1.68434592606957,1.69102041134739,1.67657711566293,1.67323757496172
0.442836131772091,0.440129764752343,0.45361763493017,0.442604197378645,0.441044783347439,0.441616129009099,0.445485511885454,0.440554714584926,0.44208558365815,0.445152337687695,0.450972129934637,0.444538835951278,0.442719412991017,0.451457214117322,0.471429934090963,0.462934868128085,0.454011873431004,0.443974159079197,0.442343601542378,0.446857063124715,0.441977480890828,0.440706251046319,423.073149525122,0.438103494251698,0.444390460703389,0.441311274611328,0.440047014140193,0.436032955634697,0.448408364737261,0.438200465486061,0.441210924603365,0.441097855576164
0.0920216652665681,0.0912841076799042,0.104523166274344,0.0913119377003618,0.0915133694501324,0.0912328938498707,0.0926152781018624,0.0911410502733468,0.0922427765671779,0.0926492193558533,0.0950381143347057,0.0937351719349264,0.0930483418320822,0.0979186606720962,0.112644439168093,0.109276142358189,0.110028050181191,0.0969677148472513,0.0936472080162895,0.09758210004911,0.0933317135643731,0.0935933042076841,88.5417343330715,0.0980236951771721,0.0926743509698538,0.0921661236467728,0.0942279498643925,0.096505411929314,0.0918020497188748,0.0945017155287783,0.0920711254635068,0.0920964869287622
0.121789342432161,0.119247735931463,0.126785970567971,0.118537085734075,0.118201951798312,0.118438007608637,0.121072334571828,0.118092033161374,0.1179306589472,0.11922060489828,0.119618310061513,0.118761250179311,0.1169882127302,0.120405401488616,0.130350355146501,0.12492196528903,0.123677018968109,0.116667028709475,0.116399555553266,0.117848386011769,0.117172334483028,0.116644617731099,112.486481785438,0.115965507881826,0.120253705548204,0.118572434512055,0.121547044057001,0.118176498922456,0.120345000782178,0.122310751125008,0.118706566427495,0.118083107833556
0.510638672605747,0.51169142043149,0.518543587942525,0.512627448173212,0.510781777737792,0.514398652767769,0.512885111538488,0.510892705781671,0.509232868923297,0.509919934262154,0.509202997063257,0.50910253663267,0.509220605202803,0.507381014612797,0.508578887747558,0.510430813481902,0.515659270177787,0.510109415936155,0.509604605649468,0.514461857924128,0.510205470669459,0.509427480570832,489.206382009979,0.509974007191926,0.509141441923108,0.509411878085852,0.508280501452763,0.509946401857968,0.512093910727827,0.521351833259922,0.51007793967981,0.509526853069151
0.363437201721704,0.360932333628926,0.361904556507719,0.360441947947674,0.358717983864135,0.359216379943341,0.359927027755232,0.359701170358302,0.35875102247853,0.359120549633713,0.358996326629081,0.359146657053716,0.359213128218392,0.360320561931358,0.365369593775293,0.370328730080779,0.376462358686504,0.364934865314958,0.360887140454767,0.363799882178582,0.360009743273017,0.358882244591633,345.557866985801,0.355029781724265,0.358914509366736,0.359432644271336,0.359214074252293,0.357209092497747,0.363895840753563,0.361609152715536,0.359237593786843,0.358593152899787
0.021788063227637,0.0209524591599083,0.0231141552769515,0.0213119307973795,0.0205623923817228,0.0213708875132985,0.0202323508219766,0.0203773409676387,0.0201037475692801,0.0201367108259734,0.0207536522715721,0.0202301759112995,0.0201009199655263,0.0211337323608536,0.0252478946493125,0.0247622618820247,0.0247582814402557,0.020922327293499,0.0202689635912374,0.0211945831085741,0.0204547838709612,0.0201862960636497,19.3015339067322,0.0208077435512095,0.0203866358666776,0.0204011435568426,0.0209239687510728,0.0212446114581214,0.0209073876831655,0.0216748226584755,0.0205627011510575,0.0202765846339127
0.0928110642566504,0.0916831055387536,0.095795472813549,0.0919479130345865,0.0919306162553262,0.0921972041435221,0.0924052181784013,0.092091777337524,0.0923614529470394,0.0921894462330383,0.0935237073862124,0.0928262006385756,0.0926725578902965,0.0942624514408456,0.0974379727365533,0.0970927638079419,0.097728986366429,0.0941240839580692,0.0931152435118937,0.0942522708208819,0.092718670509246,0.0925851894499254,88.7410091669907,0.0918798348270171,0.0922376571943835,0.0920426402349436,0.0924184998669378,0.0922149098353842,0.0921561568203593,0.0942953627649875,0.0919078965450086,0.092060376741569
0.14790193463107,0.148066648897324,0.150738392597212,0.1475030687752,0.148048594437928,0.14846676073618,0.149012816688149,0.14801773825266,0.148105171627451,0.148296015822906,0.148556419681021,0.148161586930177,0.148189318765631,0.148709331352459,0.150498785943607,0.150521683945304,0.151758829417906,0.149032312996038,0.148522323208885,0.149688692187157,0.148199356175613,0.1479152927863,142.24117013247,0.147699019211761,0.148728003796166,0.147880608570768,0.148840833880316,0.149076168508136,0.149004081806174,0.146951686676737,0.14783095178651,0.14794439234663
0.0285226712179214,0.0282071580030489,0.0313441124060153,0.0280776887462761,0.0280512569667825,0.027816983176968,0.0286621849178909,0.0282548615925045,0.0282323163839298,0.028446957265159,0.0287050216383397,0.0284116768833613,0.0283022704161573,0.0291979410579118,0.0314014781412311,0.0312075631259879,0.0311027921012014,0.0289876591176366,0.0285059354681197,0.0286826116162662,0.028356454861309,0.028247759527128,27.1194430733421,0.0280393011045453,0.0281333307373124,0.028029911094064,0.0280967900588471,0.0291325855780975,0.0284144368136996,0.0283904770040863,0.0281081584767847,0.0281255468213085
0.0119596828448261,0.0115684560745052,0.0131139339726723,0.0115990996288162,0.0114369833309731,0.0116982259858592,0.011603514691251,0.0112532857774464,0.011395652874517,0.0114504904833485,0.0115880176517701,0.0115123659463329,0.0114191950977826,0.0119621240695508,0.0135723663461071,0.013304032368488,0.0131308441879103,0.0117490933757875,0.0114244049960044,0.0118085305541128,0.0113114551794766,0.0113624359726976,10.930584976838,0.0114617287786455,0.0112949964092974,0.0113599977452404,0.0114404128836191,0.0116198773396452,0.0116865420700711,0.0120206947841734,0.0114056309763505,0.0113765595699635
0.0609902618750198,0.061329711615854,0.0623707729489239,0.0615163004431744,0.0615537398755658,0.0616350302140642,0.0617840350849882,0.0616198706162209,0.061608736675006,0.061696627479209,0.061870656650604,0.061669948856055,0.0616765804382223,0.0619620789848939,0.0629939378685678,0.0628602508047569,0.0628137969476958,0.0617076328192619,0.0616299795607048,0.0616833626667386,0.0615639810478043,0.061606093992062,59.0907732296769,0.0619903816257982,0.0615702563737852,0.0615496465763267,0.0614936410779046,0.0620611150198298,0.0621859626498322,0.061375029130808,0.061525762366052,0.0616158369122993
0.0280920854308322,0.0280111022053444,0.0296497309086578,0.0281361355242044,0.0281047361377012,0.0283556262630294,0.028237425156637,0.0282496470364663,0.0280254033932809,0.0280866204827684,0.0280920813165047,0.0280618330351025,0.0280492244373332,0.0283180633177125,0.0292966893573156,0.0290021441516663,0.028500445647228,0.0279976117500015,0.0279624580105388,0.0281490089358553,0.0280944788661618,0.0280827389814747,26.9460695048787,0.028165707121724,0.0282090917854819,0.0282340099528994,0.0283610126678383,0.0283771054972868,0.0282389352769975,0.0279450734677443,0.0281727042002662,0.0280878630357374
0.0185982775992366,0.0184877451162796,0.018723064848482,0.0186609349390474,0.0184569662847043,0.0186988483380323,0.0183508438873471,0.0185493137703125,0.0183575573453791,0.0184073215196744,0.0183423924470742,0.0182922070845466,0.0182629657411472,0.0183193578965369,0.0187283590641242,0.018615535759606,0.0189094939427798,0.0183210103036374,0.0182361867341785,0.0183709291628997,0.0182430717799357,0.0183212668349172,17.5808098263138,0.0186478960751303,0.0184717925820099,0.018376198120239,0.0183620049103081,0.0186998416690875,0.0188360446626202,0.0186821518781088,0.0184094106468097,0.0183772847227975
0.0705640799290162,0.0706512945967082,0.0721252891779057,0.0706355943281997,0.0706732929012606,0.0705052794835259,0.0710763193464142,0.070764460635935,0.0706322918756014,0.0707134149696032,0.0706980259512936,0.0706113561460253,0.0706713799873237,0.0704864212288708,0.0706577537527166,0.0703097064150598,0.0705020078122346,0.0705768710057902,0.0707463927974706,0.0707974820976678,0.0709532726129773,0.0709044442591574,67.8816611478832,0.0712271345944472,0.0709779882540299,0.0708225859813157,0.0710461820762981,0.0712096762452193,0.0705708166770576,0.0704927067755615,0.0707175243627159,0.0707361234058444
0.0170706042975661,0.0167735369917948,0.0166264325317806,0.0168858126344849,0.0166719418210887,0.0167053685501134,0.0164924658115811,0.0166854530839511,0.0165969407979577,0.0165378131894109,0.0165532841549085,0.0165695520100332,0.0165148348631066,0.016662008085274,0.0171083520244135,0.0170245651305456,0.0168766863479466,0.0165591302735476,0.0165048265456244,0.0165673031612617,0.0165091193687237,0.016522342689364,15.9259102600095,0.01653099937908,0.0167111289277056,0.0166161976625647,0.0166607139274912,0.0168338235344521,0.0168402480941084,0.0169045887545519,0.0166797032800164,0.0165651700465928
0.00095081690639422,0.000875891399205831,0.00141107655954939,0.000908043622842598,0.000859807499328271,0.000871875775759986,0.000911678846617109,0.000835735381487714,0.000852108123334717,0.000870698392333783,0.000892727553760075,0.000865267717868013,0.000861659752016862,0.000935297515423401,0.00122724376787804,0.00124251331745255,0.00124947372342407,0.000964528026191617,0.000895960715879681,0.000985171302169042,0.000889254758138664,0.000860780097981024,0.819269570559881,0.000941450997896179,0.000863637124408115,0.000854282363438843,0.000915939591034811,0.00101249977951428,0.000914160879641778,0.000965484823469515,0.000851698757639627,0.000850280550411202
0.000995914940101387,0.000955882420603319,0.001344739327411,0.000968757136443855,0.000900547029882696,0.000943177727670142,0.00092130305946984,0.000904030686148111,0.000871385184020741,0.000875644460520224,0.000885880133964308,0.000865013041584488,0.000862890625138834,0.000904543278339274,0.00111689888358775,0.00109252662734437,0.00111321967575178,0.000915384118246482,0.000881336700696503,0.000929088491131848,0.000883792582033137,0.000883676445536843,0.83787026245736,0.000915582226574412,0.000916251831680274,0.000896456769738751,0.000967415122149133,0.000978757179455385,0.000935492539625057,0.00105816098404299,0.000909765572959289,0.000885422723362472
0.00426912074744238,0.00423728756627115,0.00458652823884762,0.00422339597179777,0.0042325354634965,0.00420332534880722,0.00434932401311912,0.00418711414620663,0.00425116034149904,0.00427152482316574,0.00427976898202943,0.00426994051986673,0.00428208793816607,0.00432737921752872,0.00446813769041555,0.00452748153327679,0.00458623301528561,0.00438755114370799,0.00431893896606703,0.00439901884508282,0.00428220777753443,0.00426338980927355,4.0892637726509,0.00431322155961867,0.00424579211313074,0.00423794533462645,0.00432069138500285,0.00435992022230479,0.00428086504956574,0.00424507349421875,0.00423469345729081,0.00424254834481423
0.00554780779755,0.0053941174695046,0.00556524262872582,0.0053785356012312,0.00532313241059348,0.00530557430048287,0.00528788686728887,0.00529666805897796,0.00529324473593635,0.00526380833078248,0.00528726378453624,0.00527910207187243,0.00527120711632138,0.0053046624232953,0.00544770317965926,0.00542462405657452,0.00538778928064757,0.00528099269218313,0.00526917929740175,0.00524161353089431,0.00529163970373723,0.00530041872812161,5.08368113774858,0.00528611960690519,0.00530449913863577,0.0053081567887122,0.00537907524270878,0.00531159052690245,0.00543357723092299,0.00550967779932192,0.00533558294514114,0.00530466559979626
0.00161997830135701,0.00157058678582424,0.00175354198584639,0.00156321990949678,0.00152980621531686,0.00155388425937767,0.00154917725434831,0.00150682501701991,0.00152125771403688,0.00151687929919985,0.00152800339711583,0.00152616560866735,0.00152756062346926,0.00157262329253741,0.00169145274676073,0.00173270347607099,0.00175279360947206,0.00158833288185482,0.00154059723752364,0.00158541185869163,0.00153432214712012,0.00151943886610149,1.47015532556602,0.00151631073470001,0.00151718395120123,0.00151797784431275,0.00155715019058281,0.00157414820241108,0.00156533657334526,0.00166049081007781,0.00153154043680198,0.00152072943410017
0.00219634414499406,0.00217504140970173,0.00224453494227803,0.00221209725834053,0.00217754558570901,0.00220479507442669,0.00219231206507881,0.00217043730796495,0.00217077885967036,0.00217629599896143,0.00217212391473947,0.00217618152211739,0.00217403792352591,0.00220046081803316,0.00227438273388614,0.00228086204651269,0.00230923920479896,0.00221026704732306,0.00218428005220822,0.00221134718768785,0.00218177697491894,0.00217357766600339,2.0799877113031,0.00218428576658582,0.00215659304338451,0.00216092454729396,0.00220656233447012,0.00220964108126237,0.00216331089460572,0.00221276105077159,0.00216586061081525,0.00216575163071288
0.000491309505263089,0.000479210236963519,0.000553509957092663,0.000504744818649739,0.000481107746231674,0.000501720924539898,0.000493067335367039,0.000488743726304836,0.000474151690005827,0.000485113244720953,0.000490309441894564,0.00048372358784996,0.000479441049156036,0.000508338115471473,0.000593811907337088,0.000597402686067412,0.000597559620360644,0.000507247947002479,0.000484240391397829,0.000502587513508449,0.000481203219567633,0.000474512915021566,0.453380939782769,0.000509589987080796,0.000474898910945892,0.000472710999742873,0.000511703645389658,0.000515234387724684,0.000489937983087323,0.000501030931824431,0.000474644718903624,0.000474529139982982
0.00220852546152315,0.00222147500835199,0.0022204715927157,0.00227447106534943,0.00224498362559167,0.00226969454529846,0.00225701194413071,0.00226133249831752,0.00224649575904569,0.00225433158958995,0.002262015978256,0.00225487064566368,0.00225536764914752,0.00227986768452956,0.00234521424221377,0.0023420097348002,0.00234675281694151,0.00227699999191418,0.0022577005117342,0.00228376131031781,0.00224806582177836,0.00224555584680217,2.14865942370607,0.00227845698328593,0.00223159453255712,0.00223442942433994,0.00226293599588057,0.00229796814639814,0.00222849387535458,0.00221034929464898,0.00223455626113221,0.0022439121895869
0.00140867137759939,0.00141664817442076,0.00144738200516673,0.00144204795560994,0.00143060102197986,0.0014630600997578,0.00143250638312545,0.00142562037723993,0.00142949315068301,0.00143238977895464,0.00142979302910786,0.00143085488876021,0.00143711087152335,0.00145009171750752,0.00149984359931768,0.00151296392771452,0.00152002635241745,0.00145965327494514,0.00144377057966709,0.00145652827022055,0.00143566713761892,0.0014313059156335,1.3681573250443,0.00144985772565964,0.00144420758674869,0.00143455372550092,0.00146961662313417,0.00145370282069878,0.00141651614504414,0.00142014456602754,0.0014235174236339,0.00142916818975357
0.00308086475648691,0.00303295938133078,0.00311444842012821,0.00301317794028919,0.00300413204103632,0.00301166966035743,0.00304738889538184,0.00301539234002281,0.00300243781095975,0.00301837463710152,0.00302601635734431,0.00300902885000903,0.0029978785799874,0.00302580517073596,0.00307509164460884,0.00305434185637913,0.00303118915783398,0.00299679638423908,0.00299165325582173,0.00299313702634284,0.00299157122946004,0.00300142152753571,2.88810583818243,0.0030054134680111,0.00301344723810847,0.00300743097179194,0.00304065850403667,0.00302322273256054,0.0030422146565858,0.00307267232292684,0.00301471936494305,0.00300768265164698
0.00622896122869846,0.0062763974727807,0.00643152200818175,0.0063377596887973,0.00634730384672563,0.00637579818125011,0.00639981650121898,0.00636289271178093,0.00635890703447572,0.00638592429303908,0.00638081170781581,0.00637231420493655,0.00637937990120768,0.00639179365134763,0.00640691575454841,0.00641799949491636,0.00642689029520968,0.00639984893668486,0.00639001636611339,0.00641611309492457,0.00638669465100404,0.00636969764771096,6.10554065882263,0.00642190971488606,0.0063427142342998,0.00636571101369322,0.00640152820950046,0.00636713722526902,0.00632288259074098,0.00624287717307062,0.00633918702642697,0.00635984334565408
0.00079697950681639,0.000789495231675068,0.000832222773937787,0.00079797079903327,0.000792246767560133,0.000797362432451699,0.000803578064502557,0.000805077464245424,0.00079489586003879,0.000802715045805337,0.000801682442113268,0.000801703286739541,0.00079847817312018,0.000816187470927668,0.00085128024467942,0.000850700515697302,0.00085349159602015,0.000813337491291605,0.000804096515560677,0.000814232848395611,0.00079724815580866,0.00079677618869784,0.762514533130386,0.000811057430166856,0.000799664235105001,0.000795777091203374,0.000822957073078808,0.00080747817934812,0.000798366527294147,0.000804321255973661,0.000791929758319938,0.000794968026865978
0.000580971268747818,0.000576262619586771,0.000603398636173393,0.00058620341892854,0.000581896352389927,0.000586656270546264,0.000589691684191924,0.000578012840618871,0.000581724465677228,0.00058996372088987,0.000587388073543569,0.000586304553117697,0.000588852847395478,0.000592711738785094,0.000610514172113235,0.000617983513988621,0.000633302012616963,0.000605556920942607,0.00059701920504284,0.000608262899435273,0.000591751468808185,0.00058442148128327,0.558621047565465,0.000617002802629587,0.00058727390306691,0.000582537287597095,0.000615538046427466,0.000613143971968098,0.000581527191815654,0.000580012725566073,0.000579669795742596,0.000583024147917144
0.000482451150752432,0.000451273266119322,0.000470450515502972,0.000442884027098672,0.00042768097086023,0.000428215762872468,0.000427850826163595,0.00042934441733462,0.000422552038964205,0.000425364023934991,0.00042643539877729,0.000424092293173094,0.000419639081073721,0.000430426352504396,0.000452557966859578,0.000453497795358426,0.000455750693811839,0.000427969759204753,0.000422356530064094,0.000427386860554973,0.000419456460585656,0.000422440868214471,0.408420759530742,0.000421484549040537,0.000431871850455123,0.000427903791890177,0.000455045890113027,0.000431555124359579,0.000452578141447647,0.000479311551998306,0.000433114063192999,0.000425742820972175
0.000392562179583648,0.000392256597292055,0.000405722832738176,0.000397406317907742,0.000396156836800543,0.000397958357450137,0.000405421033736228,0.000388419548187907,0.00039655029011746,0.000404087337422526,0.000402793395880435,0.000400560316159498,0.000403240088288088,0.000408046643522882,0.000419669830382896,0.000426383354108369,0.00043591673256331,0.00041475084863813,0.000407076727858424,0.000413571269425514,0.000402934288503991,0.000398284339553634,0.379303203309933,0.000418741781979844,0.000397183899457038,0.000397386655086693,0.000426812965897348,0.000419536471433385,0.000392989257009376,0.000393472855997707,0.000391789769989555,0.000397327456328155
0.000283579468882362,0.000281062415058047,0.000298230315376136,0.000288041244193553,0.000284759914006015,0.000287253241456131,0.000290486984835497,0.000285739278443053,0.000284945036519436,0.000291214969490164,0.000288012150592293,0.000289106340984898,0.000289889122655855,0.000295626166306087,0.000309972528993415,0.000317482579011543,0.000326393127828765,0.000301748275359997,0.000294746386905143,0.000303860320775779,0.00029171940374992,0.000287203924628838,0.273104118150247,0.00030340046463404,0.000288682930272872,0.000286513648216144,0.000315259775836755,0.000306387328592419,0.000285664714529225,0.000281668388881984,0.000282825622122476,0.000285862133408544
0.000502375757568846,0.000485136881573754,0.000486642428879836,0.000484097066911679,0.000475519813471046,0.000477495847450194,0.000474876644654823,0.000468048380522052,0.000472927297704891,0.000475166633853865,0.000475919877776309,0.00047490082329659,0.00047468028266689,0.000483017271675459,0.000499716203262494,0.000504377634279532,0.000505698033789943,0.000484146425881492,0.000476954970883458,0.00048098759188911,0.000474350424543884,0.000472791237086735,0.4547705733769,0.000480971608788426,0.000471893606074331,0.000473793284604251,0.000497005909137631,0.00049617519681714,0.000482538730994989,0.000499911563919961,0.000474318553597617,0.00047325471159446
0.000856446380582069,0.000828330999123816,0.000832724432788738,0.000814669565026294,0.000801354979126915,0.000804284937621129,0.000805978238164854,0.000796976527390912,0.000796150268425762,0.000797431166413476,0.000799032315863723,0.000794796427871452,0.00079079137434799,0.000796047875612897,0.000809912735368717,0.000808162749631044,0.000805458698607022,0.00079269427046064,0.000790406376756331,0.00079070886755218,0.000791977398411038,0.000793480516180108,0.766424995303093,0.000792185348535076,0.000798729694351696,0.000797408048889531,0.000825954409153155,0.000807725942109048,0.000823197344532203,0.000862503760738144,0.000804549146392621,0.000797224793360604
0.000678041972880477,0.000683391652875935,0.000711176242489251,0.000692492694769682,0.000694436168646248,0.000695366235052688,0.000711497103530644,0.000693999123191881,0.000697198497105937,0.00070661506403207,0.000702939669546035,0.000702552172193875,0.000705861337543077,0.000708594776701023,0.000714631534675229,0.000724164094144699,0.000747140274750792,0.000722886730969458,0.000713685300992981,0.000728396906845191,0.000708911056162825,0.00070135541152177,0.670526591590258,0.000726572708960551,0.000698747248301323,0.000697646544271861,0.000726561320203536,0.000717994489228231,0.000691332370820776,0.000679690239022963,0.000691601665564359,0.000697551131341136
0.000158804634157589,0.000153535416900726,0.000165726861332974,0.000156993496743574,0.000153938134913484,0.000154240900101751,0.000161411891165665,0.00015594471292235,0.000154312328893809,0.000159934933456807,0.000157789741037548,0.00015763091553114,0.000158390959962644,0.000162724843118243,0.000172442264670916,0.000179246936833167,0.00019059609909897,0.000169987744475604,0.000163461484497831,0.000171231603261909,0.000159946183999256,0.000156369019034424,0.148655253248777,0.000172319707660018,0.000158342388414299,0.00015539546197678,0.000179633182217668,0.000169424723993935,0.000156233979027563,0.000157555818316063,0.000152998457781788,0.000155540437709307
0.000131101104650959,0.000122704873678833,0.000130382363763885,0.000123090303649518,0.000120333505599587,0.000122599442957263,0.000126365928237199,0.000115036023037703,0.000120387506716595,0.000124568760416015,0.000122892771182596,0.000122802051511655,0.000124453871430682,0.000127594631637524,0.000136127367610868,0.000143286781225759,0.000153211698717966,0.000135346858004423,0.000128692330179454,0.000135545055329512,0.000125901373241304,0.000121841815347582,0.116024927933766,0.000134156766423804,0.000121800945967731,0.000121059543482792,0.000145613784221615,0.000138426951942796,0.000123371816162801,0.000130783084407008,0.000118773455326944,0.000120917733358697
0.000770873507581837,0.000764597631026704,0.00077864467999227,0.000767682015680914,0.000764047659953515,0.000767871208404936,0.000774911610276186,0.000777927865182083,0.000766330050309262,0.000774195555320238,0.000772692677769649,0.000771823382349646,0.000769507092643592,0.000777937696016419,0.000792682038434246,0.000796395220463638,0.000806245862622207,0.000781774012692948,0.000774929108068314,0.000783483670241813,0.000771665994402928,0.000768427824436361,0.737685681396371,0.000774944965357306,0.000769264951143598,0.000765876847579686,0.000787359578036399,0.000773469144743118,0.000772387330362112,0.000773813976293031,0.000765661352734424,0.000767225609394513
0.00115736255518496,0.00117346097638026,0.00118323010996136,0.00119294396656103,0.00119521430630059,0.00119666381648199,0.0012076677325828,0.00120549610800386,0.00119917124438563,0.00120922374691252,0.00120478351557676,0.0012053514181864,0.00120772342433735,0.0012112388065174,0.00121710948120175,0.00122612173917617,0.00124314770994645,0.00122279131885238,0.00121551501960139,0.00122700230948237,0.00121237582043866,0.00120493168684227,1.15075891724768,0.00123368935462404,0.00120168431827486,0.00119871606076428,0.00122300539998441,0.00121694662039013,0.00118520648238496,0.00115725414504061,0.00119119382711658,0.00120006014550095
9.62216640609772e-05,8.30520279303047e-05,8.6878983393625e-05,8.07866064383707e-05,7.66775091890187e-05,7.83753452471905e-05,8.03640130079242e-05,7.34691303303117e-05,7.5486313853581e-05,7.88649600519651e-05,7.76975048566124e-05,7.70356508418257e-05,7.71360636397574e-05,8.01360663788435e-05,8.71156687737451e-05,9.13446991279632e-05,9.79722944219804e-05,8.4373898449825e-05,7.98661698283899e-05,8.47898262100969e-05,7.82594461210386e-05,7.63787101047818e-05,0.0730837583777963,8.44619306284948e-05,7.78260103477284e-05,7.70885080570161e-05,9.88372468065296e-05,9.134590439113e-05,8.42060500905341e-05,9.63141782618849e-05,7.67426847518181e-05,7.65018732255516e-05
0.000460646133174292,0.000464504847316222,0.000467455607654308,0.00047430718735888,0.000473616044148746,0.000476231452414024,0.000481123432859609,0.000473884386053521,0.000475012161788536,0.000481489644236395,0.000477736923260782,0.000478916810193097,0.000481569341945472,0.00048290837716865,0.000487832081946902,0.00049649938711768,0.000510423992389019,0.000493824289667182,0.000487138092100703,0.000496420899346175,0.00048307600645217,0.000478161367086168,0.455996358734918,0.000499330641991433,0.000474914507355602,0.000474548543826928,0.000498029769835536,0.00049432192491621,0.000469076209962469,0.000461711447545883,0.000469899473523884,0.000475855398317146
0.000188663079049345,0.000184250580215711,0.000188659588848345,0.000190621734430786,0.000185801852479113,0.000186820072974869,0.000192288550870711,0.000197943563517829,0.000186030378749178,0.000191992608697859,0.000189917390502917,0.000189355707020069,0.000187199566702386,0.000192322735903389,0.000201732839475792,0.000202598723235712,0.000207486791505337,0.000193399473956623,0.000190408615469767,0.000196640226084688,0.000188901818061815,0.000187708374011496,0.178421828536878,0.000197472948201352,0.00019060782211201,0.000187033348941455,0.000205496431268919,0.000196782117390891,0.000190460744757742,0.000190654760689386,0.00018660003287003,0.000187446349104218
0.000357257529482178,0.000351702477590651,0.000353048046022189,0.000354627465161888,0.000351740105100679,0.000353476769088019,0.000355301279256528,0.000350455287273181,0.00035134765541307,0.000354866146399041,0.000353466832314189,0.000353435955389818,0.000354536987711083,0.000356789413217327,0.000362410854140451,0.000367902384677768,0.000376009016171305,0.000362889236150536,0.000358248124504386,0.00036410961970585,0.000356071236125615,0.000352844762057077,0.3376049814009,0.000365415721153744,0.000352623372413984,0.000352013619789237,0.000372211425793623,0.000366068223804212,0.000354170145557112,0.000356991907125007,0.000350438378668208,0.000351945325167535
0.000188039157702358,0.000180399966051346,0.000184823275564928,0.000179953810490074,0.000177702324463016,0.00017931863399934,0.000183398823529165,0.000173192776054135,0.000177500990918961,0.000181635162017026,0.00017997560281807,0.000179778989185718,0.000180955704525928,0.000183429542976897,0.000188925089810439,0.000194900933046743,0.000203920391709499,0.00019007007991285,0.000184660572530746,0.000190030864298404,0.000182240563692946,0.000178464819505515,0.171174552387982,0.000188983935672154,0.000178266592209237,0.000178097863274027,0.000198467463084859,0.000191837315953409,0.000180652232135488,0.000186788376352762,0.000176573984609736,0.000178065580587288
0.000420995347465643,0.000425392336219828,0.000432492044281555,0.000434632945072633,0.000435992797711651,0.000436787152021984,0.000443612938826467,0.000437429172468906,0.000437922260855785,0.000443743231369583,0.000440965471388906,0.00044164736663858,0.000444383749076616,0.000445695232700149,0.000449708006015219,0.000458059064558744,0.000471787909443841,0.000456284021490553,0.000450145464749116,0.000459263911636275,0.000446693728626499,0.000441699224482312,0.420389818063267,0.000461058873858743,0.000439819912571574,0.000437990963778554,0.00045891394408534,0.000453264355075743,0.00043009750598113,0.000419299834535573,0.000432983844948856,0.000438763202241917
0.000292484112011148,0.000272822295527603,0.000271490618451537,0.000267022278183727,0.000259048870883363,0.000260475212455057,0.000259689940191194,0.00026158518830414,0.000256054846329125,0.000257688429114825,0.000257612713273933,0.000256400773993002,0.000253338461864593,0.000257953329678367,0.000265905464643702,0.000264226995618515,0.000262394312714594,0.000254073306395001,0.000253270575836196,0.00025396968312078,0.000254215701995378,0.000255816535513371,0.247012513818077,0.00025484584296504,0.000260867279309249,0.000258710186252765,0.000276241711340807,0.000265260187278412,0.000272704286528587,0.000293295794349469,0.00026176858524724,0.000257680561027404
0.00017082229372449,0.000161490607242327,0.000166688806946867,0.000159678092625825,0.00015727622840012,0.000157187174830317,0.000162623878787911,0.000154185364058108,0.000156945737692137,0.000160674067200187,0.000159419521693451,0.000158787055018226,0.000159242699540975,0.000162008607076937,0.000167679643001212,0.0001721215638538,0.000178529605647651,0.000166633692021451,0.000162238035765669,0.000166580520395102,0.000160038133202037,0.000158059820238097,0.151542842234193,0.000165672447572927,0.000157973464866375,0.000157883948506462,0.000176719995361983,0.000169851809888219,0.000162173371008541,0.000170421128097425,0.000156936397091758,0.000157668982860975
0.000305847101067978,0.000306923401020651,0.000314521617151358,0.00031145188069366,0.000312940760208197,0.000313216608776548,0.000320697130634391,0.000310196249447266,0.000314886255967087,0.000319774013002503,0.000317505423363404,0.000317988156498935,0.00032069689886349,0.000322088893550156,0.000325810757040388,0.000333582063738776,0.000345635762465103,0.000331550469845872,0.000325578505974656,0.000332308575583869,0.000321725898986398,0.000317444465567444,0.302342247660053,0.000331682683764559,0.000314854442449614,0.000314892772314055,0.00033397171163997,0.000329845490711013,0.000309952092594816,0.000303565957960409,0.000310394361568829,0.000315459395825809
0.000134638425499285,0.000130664360401898,0.000135023555593293,0.000133204361570154,0.00013148244680787,0.000132626045193976,0.000136749174452963,0.000131694583610485,0.000131786698540061,0.000135988219668694,0.000134208418124838,0.000134025259713816,0.000134924820819072,0.000136963879791757,0.000141713560351812,0.000146094470678643,0.000153861180085763,0.000142431375861602,0.000138271119064295,0.00014399799820929,0.000135503189403618,0.000133469897626378,0.12672532549354,0.00014492720654788,0.000133449215628021,0.000132286617579277,0.000151163876138919,0.000143600570056982,0.000132948145143052,0.000133921572371697,0.000130523259592606,0.000132474463749526
0.000420816556879872,0.000425205264685595,0.000431380465698675,0.000435368120094636,0.00043322589680359,0.000434787623921209,0.000440496525567631,0.000445249234714304,0.000434420263607148,0.000441345866668013,0.000438341714380703,0.000438223134227219,0.000437452424989454,0.000440880553162426,0.000446425301461107,0.000448320962530867,0.000456668121215842,0.000444822873760911,0.000441463008909262,0.000449550640954937,0.000439321045403528,0.000435313407680161,0.416912263001546,0.000452315793672487,0.000438327319843613,0.000434177754519167,0.00045327045249855,0.000443029312411025,0.000431078985569977,0.000422156652299827,0.000432358315149613,0.000435061811362536
0.00182642795619385,0.00179955366107968,0.00179313158571694,0.00178832651984052,0.00177760446337483,0.00177836122551512,0.00177592207565803,0.0017735185146976,0.00177265540326786,0.00177258200453273,0.00177452741146986,0.00177172680355441,0.00176807042993988,0.00177335555117698,0.00178137244936508,0.00178144524713803,0.00177692169964893,0.00176872533212501,0.00176742707076794,0.00176691617512454,0.00176892316065544,0.00177364067434524,1.70684248659283,0.00177644640371512,0.00177907504947481,0.00177451303378703,0.00180256338124631,0.00178274495027943,0.00179733850309036,0.00182605536351512,0.00178136323073524,0.00177238993715102
0.00397317532560065,0.00399012573056699,0.00400383215168328,0.00399305646137993,0.00399752838535051,0.00401584806505264,0.00403171141874204,0.00398981482061832,0.00400371533369801,0.00402813983952599,0.00403016823076206,0.00402327827143807,0.00401752256461565,0.00402810014362026,0.00402271037583835,0.00404232751207814,0.00407427294209534,0.00404810361339295,0.00402595538300002,0.00403868865210644,0.00400073670200452,0.00396609521143079,3.83904397088195,0.00399149487614015,0.00396544290417154,0.00398348467382049,0.0039369839679627,0.00402313466305579,0.00398016540901335,0.0039664586162188,0.0039849882659221,0.00398796015212825
