filename,P50_Fp1_mean,P50_Fp1_peak,P50_AF3_mean,P50_AF3_peak,P50_F7_mean,P50_F7_peak,P50_F3_mean,P50_F3_peak,P50_FC1_mean,P50_FC1_peak,P50_FC5_mean,P50_FC5_peak,P50_T7_mean,P50_T7_peak,P50_C3_mean,P50_C3_peak,P50_CP1_mean,P50_CP1_peak,P50_CP5_mean,P50_CP5_peak,P50_P7_mean,P50_P7_peak,P50_P3_mean,P50_P3_peak,P50_Pz_mean,P50_Pz_peak,P50_PO3_mean,P50_PO3_peak,P50_O1_mean,P50_O1_peak,P50_Oz_mean,P50_Oz_peak,P50_O2_mean,P50_O2_peak,P50_PO4_mean,P50_PO4_peak,P50_P4_mean,P50_P4_peak,P50_P8_mean,P50_P8_peak,P50_CP6_mean,P50_CP6_peak,P50_CP2_mean,P50_CP2_peak,P50_C4_mean,P50_C4_peak,P50_T8_mean,P50_T8_peak,P50_FC6_mean,P50_FC6_peak,P50_FC2_mean,P50_FC2_peak,P50_F4_mean,P50_F4_peak,P50_F8_mean,P50_F8_peak,P50_AF4_mean,P50_AF4_peak,P50_Fp2_mean,P50_Fp2_peak,P50_Fz_mean,P50_Fz_peak,P50_Cz_mean,P50_Cz_peak,N1_Fp1_mean,N1_Fp1_peak,N1_AF3_mean,N1_AF3_peak,N1_F7_mean,N1_F7_peak,N1_F3_mean,N1_F3_peak,N1_FC1_mean,N1_FC1_peak,N1_FC5_mean,N1_FC5_peak,N1_T7_mean,N1_T7_peak,N1_C3_mean,N1_C3_peak,N1_CP1_mean,N1_CP1_peak,N1_CP5_mean,N1_CP5_peak,N1_P7_mean,N1_P7_peak,N1_P3_mean,N1_P3_peak,N1_Pz_mean,N1_Pz_peak,N1_PO3_mean,N1_PO3_peak,N1_O1_mean,N1_O1_peak,N1_Oz_mean,N1_Oz_peak,N1_O2_mean,N1_O2_peak,N1_PO4_mean,N1_PO4_peak,N1_P4_mean,N1_P4_peak,N1_P8_mean,N1_P8_peak,N1_CP6_mean,N1_CP6_peak,N1_CP2_mean,N1_CP2_peak,N1_C4_mean,N1_C4_peak,N1_T8_mean,N1_T8_peak,N1_FC6_mean,N1_FC6_peak,N1_FC2_mean,N1_FC2_peak,N1_F4_mean,N1_F4_peak,N1_F8_mean,N1_F8_peak,N1_AF4_mean,N1_AF4_peak,N1_Fp2_mean,N1_Fp2_peak,N1_Fz_mean,N1_Fz_peak,N1_Cz_mean,N1_Cz_peak,MMN_classic_Fp1_mean,MMN_classic_Fp1_peak,MMN_classic_AF3_mean,MMN_classic_AF3_peak,MMN_classic_F7_mean,MMN_classic_F7_peak,MMN_classic_F3_mean,MMN_classic_F3_peak,MMN_classic_FC1_mean,MMN_classic_FC1_peak,MMN_classic_FC5_mean,MMN_classic_FC5_peak,MMN_classic_T7_mean,MMN_classic_T7_peak,MMN_classic_C3_mean,MMN_classic_C3_peak,MMN_classic_CP1_mean,MMN_classic_CP1_peak,MMN_classic_CP5_mean,MMN_classic_CP5_peak,MMN_classic_P7_mean,MMN_classic_P7_peak,MMN_classic_P3_mean,MMN_classic_P3_peak,MMN_classic_Pz_mean,MMN_classic_Pz_peak,MMN_classic_PO3_mean,MMN_classic_PO3_peak,MMN_classic_O1_mean,MMN_classic_O1_peak,MMN_classic_Oz_mean,MMN_classic_Oz_peak,MMN_classic_O2_mean,MMN_classic_O2_peak,MMN_classic_PO4_mean,MMN_classic_PO4_peak,MMN_classic_P4_mean,MMN_classic_P4_peak,MMN_classic_P8_mean,MMN_classic_P8_peak,MMN_classic_CP6_mean,MMN_classic_CP6_peak,MMN_classic_CP2_mean,MMN_classic_CP2_peak,MMN_classic_C4_mean,MMN_classic_C4_peak,MMN_classic_T8_mean,MMN_classic_T8_peak,MMN_classic_FC6_mean,MMN_classic_FC6_peak,MMN_classic_FC2_mean,MMN_classic_FC2_peak,MMN_classic_F4_mean,MMN_classic_F4_peak,MMN_classic_F8_mean,MMN_classic_F8_peak,MMN_classic_AF4_mean,MMN_classic_AF4_peak,MMN_classic_Fp2_mean,MMN_classic_Fp2_peak,MMN_classic_Fz_mean,MMN_classic_Fz_peak,MMN_classic_Cz_mean,MMN_classic_Cz_peak,MMN_late_Fp1_mean,MMN_late_Fp1_peak,MMN_late_AF3_mean,MMN_late_AF3_peak,MMN_late_F7_mean,MMN_late_F7_peak,MMN_late_F3_mean,MMN_late_F3_peak,MMN_late_FC1_mean,MMN_late_FC1_peak,MMN_late_FC5_mean,MMN_late_FC5_peak,MMN_late_T7_mean,MMN_late_T7_peak,MMN_late_C3_mean,MMN_late_C3_peak,MMN_late_CP1_mean,MMN_late_CP1_peak,MMN_late_CP5_mean,MMN_late_CP5_peak,MMN_late_P7_mean,MMN_late_P7_peak,MMN_late_P3_mean,MMN_late_P3_peak,MMN_late_Pz_mean,MMN_late_Pz_peak,MMN_late_PO3_mean,MMN_late_PO3_peak,MMN_late_O1_mean,MMN_late_O1_peak,MMN_late_Oz_mean,MMN_late_Oz_peak,MMN_late_O2_mean,MMN_late_O2_peak,MMN_late_PO4_mean,MMN_late_PO4_peak,MMN_late_P4_mean,MMN_late_P4_peak,MMN_late_P8_mean,MMN_late_P8_peak,MMN_late_CP6_mean,MMN_late_CP6_peak,MMN_late_CP2_mean,MMN_late_CP2_peak,MMN_late_C4_mean,MMN_late_C4_peak,MMN_late_T8_mean,MMN_late_T8_peak,MMN_late_FC6_mean,MMN_late_FC6_peak,MMN_late_FC2_mean,MMN_late_FC2_peak,MMN_late_F4_mean,MMN_late_F4_peak,MMN_late_F8_mean,MMN_late_F8_peak,MMN_late_AF4_mean,MMN_late_AF4_peak,MMN_late_Fp2_mean,MMN_late_Fp2_peak,MMN_late_Fz_mean,MMN_late_Fz_peak,MMN_late_Cz_mean,MMN_late_Cz_peak,P3a_Fp1_mean,P3a_Fp1_peak,P3a_AF3_mean,P3a_AF3_peak,P3a_F7_mean,P3a_F7_peak,P3a_F3_mean,P3a_F3_peak,P3a_FC1_mean,P3a_FC1_peak,P3a_FC5_mean,P3a_FC5_peak,P3a_T7_mean,P3a_T7_peak,P3a_C3_mean,P3a_C3_peak,P3a_CP1_mean,P3a_CP1_peak,P3a_CP5_mean,P3a_CP5_peak,P3a_P7_mean,P3a_P7_peak,P3a_P3_mean,P3a_P3_peak,P3a_Pz_mean,P3a_Pz_peak,P3a_PO3_mean,P3a_PO3_peak,P3a_O1_mean,P3a_O1_peak,P3a_Oz_mean,P3a_Oz_peak,P3a_O2_mean,P3a_O2_peak,P3a_PO4_mean,P3a_PO4_peak,P3a_P4_mean,P3a_P4_peak,P3a_P8_mean,P3a_P8_peak,P3a_CP6_mean,P3a_CP6_peak,P3a_CP2_mean,P3a_CP2_peak,P3a_C4_mean,P3a_C4_peak,P3a_T8_mean,P3a_T8_peak,P3a_FC6_mean,P3a_FC6_peak,P3a_FC2_mean,P3a_FC2_peak,P3a_F4_mean,P3a_F4_peak,P3a_F8_mean,P3a_F8_peak,P3a_AF4_mean,P3a_AF4_peak,P3a_Fp2_mean,P3a_Fp2_peak,P3a_Fz_mean,P3a_Fz_peak,P3a_Cz_mean,P3a_Cz_peak,n_std,n_dev,n_total,subj_idx
anna_free.mat,-2.6066,-2.8955,-1.41914,-1.34984,-0.894148,-1.21044,0.0667744,0.271123,-0.753924,-0.535586,0.157483,0,0.394257,0,0.15217,0.249809,0.215025,0.425991,1.61943,1.76154,0.618872,0.246505,0.675262,0,0.575474,0.678653,0.657222,0.559655,-0.37316,-0.726371,0.416645,0.0283846,0.472663,0.03395,1.46388,1.18466,1.35176,0,1.82105,0,0.290336,0.273919,0.708262,0.833823,0.488385,0.667344,-0.430679,0,-0.483613,0,-0.245419,-0.0749099,-1.42764,-1.32878,-0.705188,-0.675937,-1.21388,-1.0755,-2.36324,-2.51258,-0.170392,0.083284,0.938881,1.12713,-2.41425,-2.49013,-2.08592,-2.411,-0.604793,-0.821059,-1.00494,-1.54803,-2.3782,0,0.593952,0.899404,4.72573,0,-0.432967,0,-0.173788,0,2.03866,2.52057,1.76318,0,1.10627,1.29219,0.516234,0,1.51618,2.06299,1.33898,2.08763,2.21324,2.86905,1.46817,1.91025,1.76642,2.04562,0.951053,0.977115,1.6193,2.28194,-0.130745,-0.357945,0.115798,0,-0.248902,-0.478319,-0.472816,-0.861909,-1.29017,-1.71462,-1.29552,-1.50274,-2.72526,-3.29834,-0.633269,-0.815521,-1.90818,-2.03992,-2.09921,-2.22627,-1.77067,0,-0.0693869,0,-0.439567,0.401794,-1.27385,0,0.0891469,0.737528,-0.91421,-1.08088,-2.31874,-2.23866,0.840934,1.28298,6.75028,7.80143,-1.04393,-1.38459,-0.930252,-1.02251,1.15253,-0.1936,1.77066,0,0.115378,-0.717342,-0.347134,0,0.617144,0,0.67999,0.847171,1.05312,0.744631,0.174041,-0.415181,0.856117,0,-0.0322986,-0.119669,1.41345,1.47058,-0.47417,-0.79241,-0.894876,-1.14747,-0.538627,-0.858654,0.599711,1.19446,-0.642626,0.00862328,-1.01296,0,-1.58937,0,0.24565,0.60017,-0.931835,0,-0.604586,0,-1.58593,0,-0.792669,-1.10867,0.10185,0.420171,-0.495394,-0.158856,0.29686,0.737528,-0.00684746,-1.08088,-1.02166,-2.23866,1.23973,1.28298,5.56687,7.80143,-0.41979,-1.38459,-0.521849,-0.945102,0.691573,1.00004,0.738034,0.368513,-0.063077,-0.717342,-0.478951,-1.00705,0.12499,-0.817369,0.191986,-0.918484,0.264298,0.744631,-1.05182,-2.08041,0.0239735,-0.943985,-0.757543,-1.44968,0.25121,1.47058,-1.15081,-2.26457,-0.868026,-1.14747,-0.41015,-0.858654,-0.13716,1.19446,-0.496137,-0.801792,-0.361547,0.499241,-0.445558,0.70273,0.0736702,-0.702682,-0.199924,0.909523,-0.111771,0.664346,-0.355744,1.01686,-0.222822,-1.10867,0.0576704,0.420171,-0.0557928,0.428966,0.544576,1.52064,0.593308,1.16924,-0.358474,-0.443873,1.51897,2.25347,5.07917,4.31607,0.0461392,0.499054,-0.259471,-0.945102,0.619523,1.11209,0.32752,0.368513,-0.0234521,-0.717342,-0.547335,-1.00705,-0.100548,-0.817369,-0.0838451,-0.918484,-0.317757,-1.45183,-1.64598,-2.31916,-0.313805,-0.943985,-1.03613,-1.44968,-0.151689,1.47058,-1.24406,-2.26457,-0.757213,-0.901009,-0.306423,-0.528939,-0.649129,-1.19216,-0.502178,-0.801792,-0.0420989,0.499241,-0.0647304,0.70273,-0.313538,-1.01221,-0.0827053,0.909523,-0.216794,0.664346,0.197264,1.01686,0.0757901,0.631118,571,136,707,1
goto_free.mat,-0.958306,-1.50587,-0.596111,-1.19953,-0.388938,-0.702918,-1.01973,-1.4459,-0.654059,-0.992836,-0.316998,-0.704473,-2.46049,-3.71936,0.167466,0.760204,0.443443,0.335713,0.104285,0.272645,1.22059,1.50404,0.519186,0.631967,1.41008,1.81313,0.816183,1.21648,1.6324,2.33826,1.10098,1.81148,1.81398,2.84576,1.69776,2.45141,1.54494,2.02389,1.37028,2.27588,1.01787,1.39664,0.227718,0.471087,0.140093,0.152359,-1.60544,-1.76099,-0.404514,-0.394111,-0.542326,-0.705226,-1.0705,-1.38496,-0.77914,-0.611678,-1.3763,-1.83312,-1.8426,-2.18382,-1.22358,-1.6565,0.0139572,-0.146543,-0.521208,-0.0931676,-0.487732,-0.148576,1.12658,1.78249,-0.448501,-0.0529699,-0.229846,-0.1267,0.580334,1.02357,-1.69608,-0.734315,-0.134443,0.157895,0.449915,0.675692,0.621247,0.885398,1.35667,0.860671,0.626848,0.630956,1.45898,1.3253,0.614969,0.416202,1.36766,1.07802,1.11489,0.887503,1.78374,1.28229,1.56442,1.25446,1.2641,0.971081,0.361737,-0.314382,0.0951417,-0.301633,-0.442611,-0.822176,-0.461651,-0.708704,-1.63091,-1.4596,-1.05353,-1.32307,-1.12159,-1.4261,-1.08638,-1.09584,-0.93343,-1.11431,-1.4899,-1.43784,-1.75386,-1.531,-0.99223,0,0.0978052,0.180896,-0.601944,-1.31818,-1.13922,-1.71572,0.3939,0.764372,-0.0923045,-0.759808,-0.23531,-0.518386,-0.278135,-0.799769,-3.49646,-3.92596,-0.433406,-1.38122,0.662201,0,-0.074844,-0.291549,0.961499,0,0.484347,0.788827,1.62021,1.71084,0.931279,1.54542,1.21634,2.14987,0.487024,1.07542,1.29961,1.80569,1.48513,1.90894,1.77241,2.14152,0.615706,1.21095,0.474899,0.945193,-0.164553,-0.184275,0.168939,0,-2.24901,-2.08878,-0.517222,-0.623534,-0.275065,0,-0.553209,-0.593857,-0.826857,-1.03666,-0.960865,0,-1.3696,-2.04163,-0.343681,0,1.03577,0,-0.0895421,0.374172,-0.684503,-1.71572,-0.624931,0.764372,0.642101,1.25891,0.313059,0.990463,-0.357142,-0.799769,-4.74464,-6.17867,0.448504,-1.38122,1.10122,1.6634,-0.675626,-1.60824,-0.362371,-1.79391,0.134175,-0.277766,1.63971,1.71084,0.351496,1.54542,0.146226,2.14987,-0.087668,-0.545812,0.672366,1.80569,0.785696,1.90894,1.35814,2.14152,-0.427127,-1.73074,0.187157,0.945193,0.190131,0.624064,0.624462,1.15345,-2.62039,-3.4077,0.245165,1.16392,0.566321,1.55867,0.182015,1.26808,-0.467657,-1.03666,0.0336158,1.16552,-0.53618,0.176645,0.255914,0.928379,1.79482,2.68795,0.0663315,0.374172,-0.312002,-0.472892,-1.51146,-3.13655,1.31221,1.25891,0.712313,0.990463,-0.285866,-0.548185,-5.2059,-6.17867,1.53918,2.72515,1.27986,1.6634,-0.881247,-1.60824,-1.0152,-1.79391,0.0200371,0.366531,1.51335,1.68114,0.179722,0.896765,-0.460436,-0.873216,-0.404813,-0.545812,0.27141,0.505453,0.263574,0.505389,0.914279,1.03769,-1.17713,-1.73074,-0.132119,-0.562498,0.339271,0.624064,0.598342,1.15345,-2.88492,-3.4077,0.684504,1.16392,0.903509,1.55867,0.398033,1.26808,-0.153192,-1.03666,0.671677,1.16552,0.0246042,0.631671,0.673551,0.928379,2.0502,2.68795,536,105,641,2
hiramoto_free.mat,0.509031,0.0447459,-0.443167,-0.637314,-0.16766,-0.714728,-0.318798,-0.198537,-0.207297,-0.157509,-0.326354,-0.840705,-0.52312,-0.846022,-0.545945,-0.437402,-0.0194953,0.102712,-0.535823,-0.388731,0.0335961,0.263468,-0.142788,0.0218622,0.100702,0.255508,0.0389911,0.190543,0.245019,0.237858,-0.0152493,0.0884736,0.206179,0.222554,0.114854,0.289263,-0.0222952,0.146778,0.157542,0.258576,0.267056,0.298326,0.278145,0.438641,-0.419028,-0.290917,0.600602,0,-0.018723,-0.0684822,-0.116832,0.0263718,0.142531,0.247815,-0.0661319,-0.433258,-0.0379805,0.130508,1.01674,1.12459,-0.237123,-0.0781428,0.452993,0.542399,2.20657,3.25953,-0.136869,0.368087,2.72151,3.48499,-0.903017,-1.21822,-0.825588,0,1.6694,2.4224,0.64299,1.10066,-1.2633,-1.47652,-0.59395,-0.812437,-1.16896,-1.54815,-0.348102,-0.874606,-0.781761,-1.29873,-0.583791,-0.891974,-0.364382,-1.04797,1.13264,0,0.281219,-0.64378,1.38515,2.38809,-0.0377172,-0.726464,-0.62753,-1.04667,0.400127,0,0.416562,0.529662,-0.541348,-0.730884,-1.28633,-1.47116,0.900059,0.962934,0.00620934,0.0967436,-1.17613,-1.61481,-0.192617,0,1.48323,2.1819,-1.11201,0,0.0710733,0,-1.15399,-1.63099,-0.218574,0,-0.0969734,-0.914588,-0.935753,-1.14932,1.40344,0.621444,-1.12131,-1.28032,-1.20438,-1.25742,0.538602,-0.21904,0.366843,-0.261123,-1.12685,-1.26431,-0.303885,-0.0499155,-0.0856213,0.012529,1.06344,1.31465,0.291652,0.619055,-0.00288365,0.422045,0.887541,1.21783,1.91585,2.25696,1.37875,1.78843,1.77356,1.27611,0.909542,1.37768,0.152332,0.575244,1.24731,1.39235,0.574768,0.690251,-0.258181,0.0902694,-1.12628,-1.4603,1.17748,1.5468,-0.176431,-0.269922,-1.37348,-1.67191,-0.950122,-1.09532,-0.305122,-1.08727,-1.62832,-1.53405,-0.982995,-1.03749,-1.48775,-1.54081,-0.512777,-0.661135,0.792942,2.21008,-0.362187,-1.14932,2.49891,3.91875,-0.879705,-1.28032,-1.0514,-1.25742,1.58784,2.92552,0.939527,1.85658,-1.08428,-1.26431,-0.734173,-1.15806,-0.380965,-0.875266,0.196801,-0.815075,-0.286166,-0.920081,-0.412595,-0.983744,0.253959,1.21783,1.56645,1.38005,0.976315,0.395473,1.67478,2.03859,0.441723,1.37768,-0.368527,-1.06203,0.794191,1.39235,0.322215,0.690251,-0.6483,-1.06415,-1.13676,-1.4603,0.934666,1.5468,0.00578325,-0.269922,-1.32831,-1.67191,-0.838457,-1.09532,0.813918,2.20356,-1.47457,-1.76776,-0.977813,-1.00841,-1.18672,-1.54081,-0.646263,-0.957204,1.11789,2.21008,0.0239988,0.221946,3.15474,3.91875,-0.602391,-0.858492,-0.865758,-0.457137,2.29619,2.92552,1.30818,1.85658,-0.988936,-1.26431,-1.02425,-1.15806,-0.468217,-0.875266,-0.415319,-0.815075,-0.63983,-0.920081,-0.746575,-0.983744,-0.111415,-0.46844,1.37933,1.38005,0.798834,1.19858,1.62756,2.03859,0.118761,0.52487,-0.78161,-1.06203,0.394181,0.287305,0.0380439,-0.406579,-0.952035,-1.06415,-1.02802,-1.4603,0.596144,1.5468,0.215045,0,-1.28255,-1.67191,-0.693942,-0.807361,1.61864,2.20356,-1.35304,-1.76776,-1.06623,-1.37459,-0.913688,-0.363193,-0.75015,-0.957204,729,160,889,3
hirano2_free.mat,0.309968,0.644646,-0.385627,-0.529947,-0.378489,-0.619109,-0.593589,-0.802103,1.10043,1.34661,-0.271376,-0.480277,-0.540256,-0.850128,-0.5046,-0.683391,0.967476,1.05688,-0.781557,-1.07062,-0.215256,-0.304634,-0.087374,-0.229081,0.351658,0,0.0643701,-0.149372,0.545655,0.754287,-0.047411,-0.0558746,0.969092,1.42109,0.967068,1.1663,0.701783,0.810961,0.516887,0.74256,0.264251,0.372067,0.148991,0.18632,-1.68827,-1.95275,-0.0649269,0,-0.52224,-0.273559,-0.018572,-0.130922,0.46114,0.56808,-1.06001,0,-0.122879,-0.210199,-0.747678,-1.03603,-0.292257,-0.405286,0.950472,1.07373,-0.267486,-0.173753,-0.640763,-1.13038,-0.297188,-0.675704,-0.826678,-1.26024,0.186444,-0.168813,0.144671,0.537898,0.604285,1.25388,-0.785048,-1.49468,0.652027,0.645998,0.0254272,-0.560941,1.36599,2.0054,0.333557,0.461464,0.452835,0.647023,0.598734,1.01066,1.07682,2.08713,0.84782,1.71846,1.2237,2.6606,0.96107,0.373475,0.675711,0.241867,1.07316,2.02342,0.559227,1.15441,-0.299214,-0.419732,-1.82944,-2.01585,0.464735,0.409937,-0.741141,-0.978132,-0.993781,-1.52181,-0.612744,0,-0.461984,-0.590859,-0.942236,-1.69113,-1.05253,-1.40033,-1.12987,-1.65776,-0.370668,0,-0.287237,-0.828815,-0.171536,0.62278,0.196687,0.502618,-0.175608,0,0.506632,-0.246815,0.248354,0.494989,0.303504,1.365,-0.665484,0,0.28915,0.0268431,-0.279416,-0.83392,0.126475,0.732932,-0.141993,-0.570619,0.223526,-0.0350847,-0.0267849,-0.760741,0.647114,0,0.443116,-0.298046,0.665012,0,0.586533,-0.217492,0.347736,0,0.6846,0,0.186123,0,-0.390074,-0.570348,-0.88722,-0.567912,0.248306,1.39844,-0.0796306,-0.843587,-0.316367,0,-0.265746,-1.33046,0.0922441,0.432026,-0.785885,0,-0.68454,-0.0871084,-0.408325,0,-0.235334,-1.02117,-0.16982,0.29267,0.320498,0.62278,0.495446,1.13496,0.603811,1.23458,1.27163,2.05259,0.330741,0.494989,-0.187115,1.365,0.0779358,0.560444,0.408983,0.748808,-0.230129,-0.83392,-0.654168,-1.54232,-0.26638,-0.577514,0.179193,0.316584,-0.595123,-1.22011,-0.164741,-0.870252,-0.178309,-0.49556,0.11043,0.570117,0.208376,0.518482,-0.0632271,-0.509419,-0.0309648,-1.23785,-0.398247,-1.15606,-0.419136,-0.570348,-0.657334,-0.779404,-0.874806,-2.04258,0.0366262,0.490354,0.615398,1.40952,0.282027,0.925913,-0.164504,-0.827675,-0.276519,-0.506062,-0.484967,-0.0871084,0.50558,1.39809,0.36214,0.885316,-0.475134,0.29267,0.393014,0.62278,0.606148,1.13496,0.900162,1.23458,1.60547,2.05259,0.368941,0.633123,-0.3736,-0.949466,0.613046,1.24543,0.452367,0.748808,0.0106026,-0.83392,-1.0573,-1.54232,-0.142953,-0.577514,0.245181,0.316584,-0.665877,-1.22011,-0.451416,-0.870252,-0.251583,-0.49556,-0.0161701,0.570117,0.159057,0.518482,-0.194304,-0.509419,-0.336168,-1.23785,-0.588785,-1.15606,-0.336749,-0.492313,-0.699218,-0.779404,-1.30396,-2.04258,0.0294576,-0.212817,0.989469,1.40952,0.250551,0.925913,-0.244971,-0.827675,-0.146294,-0.506062,-0.688176,-0.0871084,0.891759,1.39809,0.450418,0.885316,765,158,923,4
hirano_free.mat,0.149415,0,-0.0252943,-0.272882,0.133941,0.686403,0.0229897,0.124244,0.344993,0.388226,-0.0605278,-0.361017,-0.0395684,-0.224292,-0.234014,-0.497027,0.396775,0,-0.123132,0,0.250539,0.479662,0.0800372,0,0.232742,0.304582,-0.191671,0,-0.25209,0,-0.253816,-0.1939,-0.117408,-0.0361629,-0.145276,-0.0411616,-0.294634,-0.190142,-0.0154475,0.293247,0.142841,0.39445,0.459685,0.693057,-0.514203,-0.550975,-0.177551,-0.44733,-0.0537698,-0.044496,0.0909961,-0.0530259,0.294152,0.39588,-0.233123,0,0.0567924,0,-0.551561,-0.737404,0.253149,0.292288,0.376505,0.486334,0.285417,0.602771,-0.118125,0.137642,0.245344,0.514254,0.159789,0.317731,0.0237301,0,0.203669,0.392948,0.535541,0.618342,0.0165043,0.278799,-0.00521593,0,-0.189615,-0.451478,0.126306,-0.0286178,-0.162738,-0.253097,-0.0390448,-0.159268,-0.52092,-0.675011,-0.465122,-0.676501,-0.606935,-0.876367,-0.342634,-0.546601,-0.567643,-0.779105,-0.646071,-0.830965,0.070243,0.0807076,0.0874586,0.236117,0.2942,0.267125,-0.417497,-0.350571,0.668451,0.765658,0.0742706,0.169172,0.419733,0.636839,0.135044,0.193714,0.337647,0.441997,0.343999,0.570596,-0.219367,-0.533897,0.0171404,0,0.259505,0,-0.564586,-0.721533,-0.320741,-0.636779,-0.0987298,-0.257673,0.326667,0.415559,0.11908,-0.309121,0.487675,0.596857,0.689299,1.03542,0.371378,0.598755,0.0784689,0,0.258412,0.413355,0.371382,0.567995,0.0627281,0.200997,0.0944908,0.107557,-0.0954251,0.0568185,-0.0272624,0.14504,0.0223887,0.145053,-0.0782033,0.0316834,-0.334404,-0.380246,-0.712157,-0.846648,-0.0980868,-0.168288,-0.099943,-0.185716,0.105637,-0.00397598,-0.130684,0.0319787,0.030209,0,-0.0659483,-0.12819,0.6445,1.60269,-0.295242,-0.689191,0.00557695,-0.127094,-0.142688,-0.314573,-0.926856,-1.29318,0.0548998,0,0.271218,0.0686363,-0.458624,-0.721533,-0.0638119,0.151769,-0.205104,-0.425611,0.522629,0.741552,0.488385,0.688945,0.341752,0.596857,0.180911,-0.438758,0.226223,0.598755,0.249587,0.320507,0.183602,0.413355,0.039557,-0.30307,0.0332664,0.200997,0.154412,0.0749551,-0.302882,-0.606423,-0.337815,-0.970327,-0.194083,-0.758463,-0.278151,-0.6256,-0.401606,-0.505404,-0.779559,-0.971546,-0.181563,-0.295003,-0.161087,-0.351902,0.30141,-0.00397598,-0.300376,-0.544215,-0.323791,-0.872489,0.153881,0.835074,0.51194,1.60269,-0.00945561,-0.689191,0.190881,0.667958,0.170307,0.798117,-0.75587,-1.29318,0.405641,0.803419,0.60198,0,-0.421607,-0.680613,0.00014291,-0.266634,-0.252423,-0.425611,0.620832,0.741552,0.660154,0.830212,0.223335,0.560854,-0.0158784,-0.438758,-0.120248,-0.692321,0.365902,0.541266,0.188386,0.510373,-0.0794603,-0.30307,0.138987,-0.0826968,0.205946,0.302976,-0.355481,-0.606423,-0.51653,-0.970327,-0.324651,-0.758463,-0.400633,-0.6256,-0.368528,-0.505404,-0.697362,-0.971546,-0.13344,-0.295003,-0.115359,-0.351902,0.493761,0.761931,-0.528901,-0.89534,-0.493086,-0.872489,0.256739,0.835074,0.00491402,1.60269,0.251424,0.595086,0.26737,0.667958,0.322284,0.798117,-0.605333,-0.248281,0.591722,0.803419,0.839008,1.13643,690,151,841,5
isoda_free.mat,0.475024,0.55631,0.319302,0.543999,-0.854669,-1.03105,-0.038916,0.104013,0.450322,0.673528,-0.720012,-0.999612,-0.613547,0,-1.57304,-1.68238,0.249799,0,-0.831938,-1.16609,-1.24803,-1.79034,-0.0759075,-0.280435,0.669228,0.764784,0.23845,-0.0328325,-0.180204,-0.585453,-0.804189,-1.1076,-0.0477922,0,0.593017,0.903773,0.765014,0.948721,0.121236,0.448623,0.30945,0.518282,0.665833,0.800664,-0.738587,-0.612778,-0.381767,0,0.174574,0.358103,0.545482,0.731661,0.0923475,0.378376,0.476899,0.79632,0.500437,0.985661,0.525993,0,0.691734,0.964837,0.246638,0.288271,0.779728,1.08531,-0.0906511,0.360121,-0.268605,0.0534024,-1.27494,0,-0.77529,0,-0.63102,-0.449086,4.10064,5.87768,-0.636264,-0.238807,-0.306437,-0.42916,-0.522681,0,0.533547,0,-0.0182008,-0.116672,0.17343,-0.0448657,0.877157,1.31251,1.38112,1.75014,0.813515,1.02049,0.92541,0.820898,0.522253,0.160365,-0.0804993,-0.49422,0.396696,-0.107848,-0.613136,-0.979997,-0.0875463,-0.326017,-1.47457,-1.67327,3.41191,0,-1.34696,-1.60296,-0.958506,0,-1.37341,0,-0.758599,-0.901336,-1.04597,0,-0.14841,-0.0465622,-0.942854,0,-0.558281,0,-0.193628,-0.354982,-1.45701,-2.37562,-0.370705,-0.324181,-2.13791,-2.8227,-1.43992,-2.47354,-0.491521,-0.767851,3.48618,1.78967,-0.592173,-0.895088,0.0665805,0.765997,-0.36257,-0.104136,1.40318,2.73965,0.327614,0.634264,0.33845,0.801273,1.18129,1.55369,1.91578,2.9794,0.559619,1.74586,0.898412,2.31006,0.78977,1.60054,0.428946,0.705315,1.00752,1.86799,-0.167457,0.067983,0.249524,0.846728,-1.43495,-1.92457,3.71116,5.23188,-1.01184,-1.45569,-1.14844,-2.18512,-1.35173,-2.31247,-0.553191,-0.859141,-1.29527,-2.04414,-0.533897,-1.02759,-1.3085,-2.4892,-0.511433,-1.43245,-0.807516,0.00863558,-1.30744,-0.645431,-1.72026,0.0516894,-1.55211,-1.19369,-0.11839,1.2288,-1.01655,-0.214655,2.11209,2.64346,0.287696,-0.895088,0.69347,0.765997,-0.917148,-1.52279,-0.325636,-1.48793,0.380914,0.634264,0.525512,0.801273,0.652792,1.55369,0.823951,0,-0.40156,-0.553365,-0.121068,-1.01982,0.258765,0.278243,0.345555,0.414183,-0.178325,-1.50811,-0.23617,-0.646368,0.851839,0.846728,-0.192516,-1.92457,3.73931,4.75653,-0.348026,-0.856258,0.254345,1.95728,-0.267126,0.858336,-0.738903,-1.05857,-0.699494,-0.460032,-0.865899,-0.115137,0.0636586,1.22008,0.82505,0,-1.6564,-3.08153,-1.58436,-2.58056,-2.81782,-4.34208,-1.32667,-1.60105,0.613996,1.2288,-1.50389,-2.38832,1.16763,2.64346,0.950467,1.41967,1.24837,1.9063,-1.07426,-1.52279,-1.48506,-2.58422,0.50236,0.634264,0.892031,1.54842,0.296872,-0.234107,0.0114681,-0.733369,-0.975672,-1.40839,-0.685255,-1.01982,0.23626,0.762488,0.617151,1.37158,-0.739689,-1.50811,-0.0580846,0.687978,1.44386,2.23261,0.845962,2.26421,3.89439,4.81323,0.11344,-0.856258,1.07837,1.95728,0.220024,0.858336,-0.985491,-1.121,-0.43946,-0.460032,-1.40929,-2.26036,0.757489,1.22008,1.85095,2.88996,478,92,570,6
kenta_free.mat,-1.17135,-1.82943,-0.653555,0,0.530279,0.583476,0.250797,0,0.226919,0,0.579061,1.16249,0.414301,0.67124,-0.320156,0.0431069,0.537999,0.832358,0.595135,0.855512,0.644989,0.912655,0.733425,1.12933,0.372014,0.572938,0.739174,1.0609,1.04106,1.21163,1.06659,1.01225,0.668574,0,0.493839,0.730586,0.0726412,0.302841,0.188596,0.855492,-0.150027,0,0.158858,0,-0.861527,-1.32702,-0.986949,-2.13192,-1.15445,-1.87844,0.894656,0.376941,-0.578741,-0.822129,-1.06029,-1.551,-1.74432,-2.0554,-1.43568,0,-0.263328,0,0.172284,0.0501858,-1.1487,-0.751773,-0.96923,-1.47999,0.905811,1.46661,-0.0956316,-0.228807,0.188268,0,0.758042,1.21091,0.479988,-0.138324,-0.527962,-1.11536,0.377851,0.160629,0.219654,0.126884,0.00637936,-0.134944,0.194345,0.113527,0.175922,0.175407,-0.220871,-0.536589,0.134485,1.05323,0.718463,1.34315,0.460802,1.23417,0.109485,-0.422276,-0.132474,-0.460066,0.240054,0,0.519401,0,0.212753,0.260845,-0.850357,-0.875428,1.01617,1.17068,-0.753117,-0.823773,1.94822,2.2641,-0.474701,-0.573308,-0.174524,-0.124783,-1.67805,-1.45461,-1.34662,-1.62394,-0.528424,-0.560205,0.236071,0.270672,-0.058375,-0.995057,-0.531858,-1.29151,1.00146,1.87849,0.126993,-0.220687,0.023037,-0.352014,0.90067,0.681703,1.16589,1.63611,-0.470106,-0.764334,0.14001,0.8589,0.196891,0.542906,0.595467,0.768298,0.397889,0.913119,-0.0534369,-0.794609,0.243658,0.712846,0.407257,1.00254,0.704387,1.24148,0.421935,1.14562,0.0929392,0.711873,-0.047348,0.320514,0.0478781,0.742353,0.0744454,0.227799,-0.11371,-0.586369,-1.38494,-1.53214,-0.268188,-0.548056,-1.21367,-1.50478,1.8641,2.14905,-0.534143,-0.881645,-0.564238,-0.858427,-1.64309,-2.16914,-0.511928,-1.08813,-0.827925,-1.21123,-0.179069,-0.616757,0.999194,1.99556,0.262413,1.1946,1.58742,2.48828,0.826958,1.71729,0.500793,1.45294,1.27812,1.85699,1.03081,1.43957,-0.144353,-0.764334,0.213591,0.88583,-0.178557,-0.611557,-0.235001,-1.89772,0.0202955,-0.270363,-0.278275,-0.794609,-0.303575,-1.06298,-0.601795,-2.20461,-0.0959509,-1.34009,-0.510321,-2.00687,-0.809106,-2.05592,-0.55353,-1.275,-1.20225,-3.47659,-0.500962,-1.44018,-0.163987,-0.586369,-1.38433,-1.53214,-0.936467,-0.548056,-0.925238,-1.50478,2.36322,3.18359,0.157502,1.16291,-0.322456,-0.858427,-0.729175,-2.16914,0.386308,1.31412,0.0226506,1.26341,0.23006,1.23751,1.11455,1.99556,0.444995,1.1946,1.85581,2.48828,1.09251,1.71729,0.711156,1.45294,1.4527,1.85699,1.18245,1.86654,-0.00619447,0.704,0.317857,0.88583,-0.257033,-0.611557,-0.351979,-1.89772,-0.0658824,-0.270363,-0.336348,-0.794609,-0.393398,-1.06298,-0.914169,-2.20461,-0.293134,-1.34009,-0.839695,-2.00687,-1.17911,-2.05592,-0.773,-1.275,-1.71828,-3.47659,-0.803767,-1.44018,-0.244106,-0.586369,-1.59108,-2.29437,-1.45534,-2.35917,-0.855457,-1.2423,2.74868,3.18359,0.391223,1.16291,-0.218607,-0.675216,-0.43068,0.226775,0.50395,1.31412,0.470044,1.26341,0.446393,1.23751,897,185,1082,7
koga_free.mat,-1.09729,-0.82889,-0.105313,0.258218,-1.3016,0,-0.904093,-0.652465,0.0181897,0.291611,-0.575949,-0.72593,0.367604,0.927946,0.060688,0.207382,0.412421,0.500001,-0.429751,-0.775089,-0.299843,-1.05,0.54687,0.230434,0.353314,0.210982,0.0751467,-0.528974,0.275299,-0.659712,0.809619,0.254685,1.71598,1.40742,0.903796,0.765999,0.494913,0.562701,0.01535,0.235449,0.103479,0.192633,0.31189,0.382782,0.183444,0.264047,-0.142487,0.358973,0.0797068,0.273428,0.140983,0.330942,-0.256403,-0.921148,0.00754699,-0.645104,-0.67997,-0.81549,-1.04963,-1.00729,0.242639,0.560537,-0.278674,-0.129717,-1.17742,-1.22642,0.0358178,0,-1.71742,-1.86876,-1.49496,-1.40978,-0.520814,-0.548999,-0.743217,-0.808215,0.722407,-0.0766505,-0.15211,-0.392797,0.238497,0.298744,-0.189219,0.0912732,-0.106037,0,0.467322,0.483571,0.382651,0,0.400517,0.470096,0.744151,0.912529,1.23578,1.52559,2.00552,2.28222,1.31326,1.22083,0.534269,0.462231,-0.064543,-0.448411,-0.0685373,-0.108078,0.089013,0.0935544,0.119884,0.321566,0.0132216,-0.323613,0.223788,0.831991,-0.2334,-0.147516,-0.283174,0,0.610864,0.791204,-0.782931,-0.362594,-1.00491,-0.780368,0.255474,0.43487,-0.856831,-0.949585,-1.96321,-2.55172,-0.643363,-0.844109,-2.37926,-3.19507,-2.25762,-2.9031,-0.796378,-1.64277,-0.814292,-0.967737,1.0344,2.05742,0.401099,-0.556983,0.535126,0.0338849,0.550943,1.04057,0.416024,1.03667,1.04999,1.31906,1.0808,0,0.755322,1.05306,1.53245,2.22531,2.06614,2.86638,2.77883,3.95642,2.05137,2.45892,1.27951,1.36409,1.13223,2.00462,0.604232,0.736592,0.539801,0,0.218553,-0.357449,0.576836,1.39351,-1.20284,-1.71937,-0.717463,-1.2141,-1.95921,-2.36765,-0.900786,-1.23729,-1.76175,-2.45863,-1.84464,-2.50289,-0.471256,-1.11244,-0.895441,-1.72148,-2.39245,-3.08398,-0.49998,-0.844109,-3.05952,-3.88857,-1.48664,-1.33117,0.485747,1.88531,-0.196515,0.510556,0.197992,-1.07377,1.50923,2.55572,1.31371,2.06928,0.626385,1.04057,-0.409318,-1.33233,1.07184,1.31906,1.43786,1.89334,0.31021,0.766748,0.636518,1.57927,1.12304,1.9048,1.32978,1.13271,1.3555,0.385403,1.07462,1.35745,-0.104803,-1.50402,0.300797,0.736592,1.20624,1.90948,0.803339,1.21305,-0.0504024,1.39351,-1.61809,-2.5075,0.301683,1.46039,-1.50285,-2.36765,-1.05956,-1.56266,-1.55281,-1.77024,-2.04266,-2.51,0.426744,1.58795,0.460441,1.82642,-2.53255,-3.08398,-0.556888,-0.844109,-3.26073,-3.88857,-1.03336,-1.33117,1.07934,1.88531,0.3844,0.510556,-0.186486,-1.07377,1.9017,2.55572,1.64529,2.06928,0.541415,1.04057,-0.828066,-1.33233,1.00767,1.31906,1.59182,1.89334,0.132955,0.766748,0.278465,1.57927,0.703524,1.9048,0.485398,1.13271,0.97742,1.29886,0.942207,1.35745,-0.607955,-1.50402,0.254301,0.66202,1.55745,1.90948,1.12781,1.40556,-0.189526,1.12248,-1.74682,-2.5075,0.842048,1.46039,-1.22866,-1.24175,-1.07843,-1.56266,-1.95637,-3.17132,-2.26738,-2.51,0.802008,1.58795,1.21421,1.82642,667,139,806,8
kurayama_free.mat,3.01001,0,1.582,1.74668,0.388034,0.301412,0.191694,0.135792,0.0919518,0.162261,-0.730419,-0.84143,-0.518299,-0.679865,-0.510061,-0.166462,-0.295635,-0.359611,-0.925994,-1.06832,-0.89928,-1.26598,-1.01346,-1.14719,-0.929691,0,-0.84942,-0.960756,-0.973838,-1.01698,-0.934036,0,-0.981922,-0.89547,-0.399752,-0.42002,-0.610514,-0.535429,-0.614157,-0.849529,-0.455934,-0.363607,-0.434145,-0.3101,-0.87182,-0.45549,0.0534926,0.131383,0.475213,0.687157,0.127078,0.174972,0.969268,0,1.01495,0,1.90333,2.16895,3.07089,3.25098,0.445889,0.476968,-0.376344,0,2.84452,0,1.34361,0,0.499462,0.557407,0.209234,0.37576,-0.0466073,-0.140649,-0.560215,-0.594477,-0.101092,-0.315639,-0.641594,-1.09739,-0.343079,-0.445054,-0.617018,-0.456269,-0.275715,0.148898,-0.74281,-0.571569,-1.08062,-1.21552,0.185903,0.762374,-0.409776,0.110964,-0.545509,-0.0743982,-0.711992,-0.900424,0.231785,0,-0.633003,-0.81018,-0.654487,-0.816053,-0.742111,-0.916547,-0.463595,-0.61591,-1.41726,-1.87531,-0.0993151,-0.231612,-0.0238088,-0.29678,-0.110309,-0.196259,0.684657,0.381265,0.629052,0.112766,1.48711,0,2.44501,0,0.179487,0.0157499,-0.52133,-0.548778,0.305318,-0.81447,0.298249,-0.139208,0.227369,0.646901,-0.211285,-0.438007,0.270703,0,-0.307931,-0.39932,0.00708755,0.337503,0.534528,0,0.122979,0,-0.459081,-0.803862,-0.660302,-0.782447,-0.518159,-0.835958,-0.438531,-0.852302,0.689736,1.19088,-0.278028,-0.518631,-0.516044,-0.800241,-0.474379,-0.781148,1.24442,1.63653,0.0699221,0.361158,-0.642585,-0.357584,-0.356495,-0.320076,0.267792,0.578614,-0.287016,0,0.269005,0.675347,-0.0529297,0.111579,0.32725,0,0.346381,0.432999,-0.358019,-1.37018,0.329369,-0.419741,-0.218007,-1.61881,0.236438,0,0.230307,0,0.109122,-0.81447,0.368423,-0.139208,0.0397592,-0.226176,0.0432304,-0.438007,0.645698,0.934978,-0.225389,-0.39932,-0.23716,0.337503,0.997069,1.39311,0.297186,0.623018,-0.476526,-0.120492,-0.859471,-0.782447,-0.498284,-0.116665,-0.283575,0.189855,0.705395,1.19088,-0.556113,-0.518631,-0.932602,-0.800241,-0.584876,-0.781148,1.40673,1.66762,0.0505281,0.361158,-1.19495,-1.52751,-0.585396,-0.74327,0.355925,0.578614,0.207345,0,-0.228665,-0.828401,-0.0500383,-0.438816,0.609757,0.783047,0.518347,0.240827,-0.643251,-1.37018,0.267327,-0.419741,-0.529077,-1.61881,0.561549,0,0.699877,1.0691,0.78184,2.55781,0.832136,1.92625,0.131857,-0.226176,0.413798,1.06229,0.823666,0.934978,-0.103806,-0.39932,-0.583903,-1.14651,1.16308,1.39311,0.145629,0.623018,-0.619346,-1.04675,-1.12405,-1.75078,-0.695554,-1.27558,-0.376442,-0.93936,0.495556,1.19088,-0.907101,-1.63258,-1.33461,-2.21896,-0.785036,-1.33812,1.21976,1.66762,-0.146844,-0.626342,-1.57753,-1.9996,-0.855589,-1.25936,0.244768,0.578614,0.493159,0.772824,-0.610723,-0.829443,-0.0295714,-0.438816,0.630308,0.783047,0.729762,1.10454,-0.550376,-1.37018,0.628921,1.69942,0.00343098,-1.61881,0.820376,1.27277,0.740249,1.0691,1032,188,1220,9
murakami_free.mat,-1.08454,-1.37074,-0.32545,-0.551611,0.110168,0.535053,-0.441966,-0.170912,-0.338364,-0.0987101,-0.2789,0.0509818,0.307234,0.460035,-0.645613,-0.477247,-0.0739239,0.143095,0.465608,0.604444,1.16497,1.32491,1.76426,1.92648,0.226038,0.356432,0.996291,1.1374,0.908117,1.005,1.12056,0,0.557452,0.517985,0.598085,0,0.038569,0.0561211,0.496704,0.302176,0.0918157,-0.0314539,-0.239163,-0.142361,-0.509232,-0.577585,-0.964686,-1.53826,-0.198337,-0.447156,-0.592467,0,-0.554469,-0.625204,0.0306282,-0.174861,-0.482405,-0.642708,-1.33423,-1.54383,-0.394227,0,-0.418856,-0.238089,-1.94822,-0.961613,-0.730735,-1.5115,-0.443272,-1.11613,-1.21418,-1.56547,-1.12803,-1.39599,-0.536257,-0.917425,0.121177,0.583238,-0.814038,-1.20033,-0.812291,-1.00838,0.856129,0.265353,1.11823,1.23771,1.99366,2.27748,0.0638354,-0.0579432,1.13909,1.41231,1.17183,1.42014,2.41045,2.71817,1.90382,2.40685,1.40307,1.6232,0.512508,0.734673,2.46691,2.94582,0.717384,0.895474,-0.660594,-0.77381,-0.672631,-0.913769,0.0831836,0.479248,-0.162075,-0.369096,-1.40921,-1.697,-1.26402,-1.50862,0.72166,0.952478,-0.652358,-0.863308,-1.80252,-1.33394,-0.982942,-1.2039,-1.44993,-1.65696,-2.11543,-1.3906,0.244232,0.910721,0.0462945,0.690597,0.638418,1.49003,0.267307,0.710042,0.0128392,-0.393024,0.488256,0.792752,1.11468,1.8858,-0.761586,-0.782536,1.71997,1.94979,0.233271,-0.109429,1.99932,2.10356,-0.175714,-0.405775,0.59825,0.10568,-0.361819,-0.982153,0.958293,0.527737,-0.307803,-1.23646,0.274086,-0.314728,-0.248862,-0.862708,0.943782,-0.194302,-0.605871,-1.26756,-0.899944,-1.13903,-0.0675028,-0.411508,-2.14384,0,0.235444,0.621888,-0.233385,0.473027,-0.671794,-0.312123,0.568012,0.720862,0.52988,1.14858,-1.7702,-1.22368,0.927177,1.79923,-1.43605,-1.52668,-2.32692,-2.89722,0.328013,0.910721,0.154496,0.814014,1.03156,1.49003,0.341066,0.710042,-0.211616,-0.987704,0.478527,0.792752,1.21262,1.8858,-0.962432,-1.13311,1.90994,2.20145,0.232582,0.592027,1.94488,2.10356,-0.139273,-0.405775,0.75717,1.49697,-0.37532,-0.982153,1.23786,2.05686,-0.269375,-1.23646,0.573981,1.36035,-0.136847,-0.862708,0.895062,1.42862,-0.902172,-1.26756,-0.986839,-1.13903,0.0909528,0.598726,-2.99771,-3.94912,0.179043,0.621888,0.0270579,0.473027,-0.907058,-0.312123,0.49245,0.720862,0.680495,1.14858,-1.7447,-2.07313,1.2207,1.79923,-1.82844,-2.29976,-2.71551,-2.89722,0.147781,0.437039,-0.0047088,0.814014,1.09226,1.49003,0.15389,0.710042,-0.371999,-0.987704,0.598506,1.10266,0.986487,1.8858,-1.09648,-1.2531,1.99988,2.20145,0.367298,0.592027,1.69505,2.06259,-0.0699433,0.122857,0.912078,1.49697,-0.184867,-0.982153,1.61833,2.05686,0.128606,0.804349,0.984118,1.36035,0.175337,0.645966,1.26296,1.9652,-0.750369,-1.14879,-0.951904,-1.0391,0.255493,0.598726,-2.86417,-3.94912,0.0978553,0.621888,0.129672,0.473027,-1.37296,-2.24311,0.353827,0.720862,0.429792,0,-2.01441,-2.49762,1.12953,1.79923,-2.12164,-2.55247,698,125,823,10
nagao2_free.mat,-0.133109,-0.281348,0.288102,0.523789,0.915351,1.00808,0.154749,0.344663,0.373575,0.591912,0.708477,0.74942,0.678457,0.406664,0.652223,0.88326,-0.170541,0,0.144405,-0.0201341,-0.383065,-0.554467,-0.291926,-0.548664,-0.419022,0,-0.852412,-1.11638,-1.20027,-1.48016,-1.63084,-2.08882,-1.48454,-2.29328,-0.612812,-1.0915,-0.269124,-0.437823,0.0981285,-0.80764,0.294009,-0.10994,-0.0247509,0.0944534,0.498824,0.654383,0.424937,-0.113645,0.263403,0.418937,0.349177,0.67117,0.392972,0.715951,0.847537,1.02561,0.33122,0.56117,-0.315581,-0.115855,-0.00580477,0.188002,0.376082,0.574391,-0.663208,-0.151727,-0.447205,-0.0860918,0.592107,0.988166,-0.842703,0,-0.137306,0.0867709,0.380258,0,-0.0610507,-0.625525,0.0721285,0,-0.390005,-0.537698,0.706688,0,0.767032,0,0.258708,0,-0.418583,-0.664812,0.0889907,0,0.262928,1.5142,0.228834,0,0.633918,-0.2053,0.739265,0.416791,0.0204774,-0.282316,1.40289,1.46812,0.561038,0.784332,-0.601143,-0.673027,-0.496225,-0.710898,1.12675,1.1947,-0.205194,-0.526646,-0.770143,0,-0.652312,-0.32502,0.501094,0.679871,-0.350088,-0.163854,-0.807189,-0.683402,-0.839858,0,-0.664074,0,-1.8559,-1.99967,-1.1185,-1.56435,-0.245721,-0.486623,-1.22729,-1.86631,-0.595337,-1.1861,-0.0272503,0.367614,0.685563,1.39152,-0.254868,-0.729585,-0.621002,-0.810859,1.17801,1.41144,1.39862,1.95666,0.716084,0.865514,-0.364512,-0.573517,0.900901,1.19843,1.02443,1.3404,1.2015,2.07857,1.5142,2.7863,1.28876,2.32941,0.343789,0.91768,1.75033,2.74453,0.371972,0.912579,-0.578613,-0.65939,-0.30878,-0.402455,0.539502,0,-0.156543,-0.538073,-0.835494,-1.30793,-0.844095,-1.71328,0.198529,0.46922,-0.690528,-1.06567,-1.62203,-1.91078,-0.939928,-1.60881,-0.829967,-1.29818,-1.76895,-2.03724,-0.563664,-0.476616,-0.390242,-0.861637,-0.22315,-1.86631,0.343997,-1.1861,0.104209,0.367614,0.0302022,1.39152,0.220394,0.695888,-0.340955,-0.025241,1.24222,1.5968,0.65951,1.95666,0.622151,0.865514,-0.265997,-0.573517,0.443122,1.14766,0.193568,1.3404,0.337781,1.28309,0.413468,1.33621,0.626394,0.68059,0.140462,0.453603,0.952509,0.769449,-0.0250629,-0.542241,-0.282998,-0.65939,0.0974845,0.758067,-0.123281,-0.499439,-0.210918,-0.538073,0.0282411,-1.12935,-0.228093,0.219577,-0.0904275,-0.688018,-0.223737,0.364676,-1.54265,-2.03551,-0.00673793,0.753837,-0.173308,0.361701,-1.70847,-2.03724,-0.0592735,-0.476616,-0.276615,-0.861637,0.717404,1.67205,1.21515,2.03416,0.431085,0.367614,-0.596339,-1.27407,0.579281,0.868297,-0.215048,-0.318735,1.34582,1.5968,0.154507,0.293202,0.553995,0.738474,-0.304886,-0.769154,0.131425,0.300107,-0.358634,-0.73863,-0.275795,-0.976828,-0.366072,-1.35406,0.180731,0.68059,-0.067521,-0.513425,0.54899,0.769449,-0.305766,-0.551948,-0.243557,-0.65939,0.211206,0.758067,-0.526081,-0.776852,-0.178743,-0.538073,0.610481,1.079,-0.110824,0.219577,-0.251396,-0.688018,0.0517266,0.364676,-1.58648,-2.03551,0.579962,1.01696,0.115158,0.361701,908,188,1096,11
nakamura_free.mat,-1.14035,-1.09978,-1.11238,-0.953185,-0.723361,-0.515868,-0.278523,0,-0.0627575,0,-0.179419,0.157641,0.00672513,-0.7086,0.0951937,0.26805,0.159336,0.477279,-0.741751,-0.998829,-0.186735,0,0.207542,0.475962,0.479383,0,0.203488,0.411438,0.503679,0.502569,-0.0188604,-0.225431,0.256941,0.412641,0.344978,0.426276,0.383627,0.340283,0.726841,0,0.759647,0.518583,0.353718,0.411952,0.205226,0,0.944052,0.582015,0.335783,-0.0875323,0.22206,0,0.126479,-0.266047,0.477022,0.041628,-0.611756,-1.29,-1.03336,-1.20207,-0.381494,0,-0.318913,0,-1.48357,-1.06774,-1.76544,-1.86635,-0.967095,-1.15626,-0.860917,-0.990124,-0.49174,-0.725743,-0.301542,-0.445357,0.402166,0.477576,-0.386088,-0.545228,0.1041,-0.157806,-0.463648,-0.819279,0.522646,0,0.326154,0.229127,0.598952,0.480488,0.493049,0.675449,1.76697,2.2724,1.37259,2.1466,1.79644,2.49685,0.949473,1.21347,0.554636,0.646035,1.29856,1.41577,0.903189,1.08726,0.190223,-0.0399862,-0.385859,-0.428476,0.915312,0.520524,-0.0483714,-0.149083,-0.207101,-0.236094,-0.397518,-0.574569,0.0901712,0.204068,-1.1607,-1.2177,-1.54589,-1.82817,-1.03294,-1.14202,-0.783184,-0.827121,-2.04745,-2.21508,-2.21468,-2.60009,-1.05914,-1.35534,-1.22467,-1.71984,-0.329853,-0.586931,-0.495383,-0.969881,0.164897,-0.929032,-0.0867404,-0.466417,0.516027,0,-0.608068,-1.3602,1.17612,1.62148,0.700109,0.816131,0.980116,1.31988,0.619087,1.02185,1.91226,2.72834,1.22835,1.86264,1.7609,2.74643,1.0328,1.62533,0.554286,0.958593,1.30062,2.13751,1.10842,1.5856,0.644101,0.892313,-0.408028,-0.760142,1.57898,2.38967,-0.314122,0.205499,-0.168584,-0.34975,-0.548698,-0.754931,-0.031564,0.584171,-1.85684,-2.51961,-2.20882,-1.81125,-1.30863,-1.72952,-0.361915,-0.602879,-2.21049,-2.86732,-2.37356,-2.83319,-1.04951,-1.35534,-1.04262,-1.71984,0.0554397,-0.586931,-0.342807,-0.969881,0.0442005,1.23992,0.372831,0.897037,0.964362,1.34399,-0.679501,-1.3602,0.912709,1.62148,0.688271,0.816131,1.23203,1.50643,0.468809,1.02185,1.50732,2.72834,0.698557,1.86264,1.37734,2.74643,0.935768,1.62533,0.705299,0.970924,1.13896,2.13751,1.07707,1.5856,1.13563,1.84609,-0.0211071,1.04876,1.39982,2.38967,-0.464134,-1.167,0.152457,-0.34975,-0.505914,-0.754931,-0.628398,-1.39884,-1.90042,-2.51961,-2.66992,-3.3062,-1.25704,-1.72952,0.282809,1.21213,-1.93755,-2.86732,-2.10985,-2.83319,-0.771839,-1.2176,-0.782886,-0.99302,0.283109,0.538523,-0.139797,-0.394819,0.0187312,1.23992,0.541805,0.897037,1.01198,1.34399,-0.846236,-1.50045,0.377881,0.734578,0.348707,0.795881,1.08143,1.50643,0.0272504,-1.03893,0.953279,-0.112824,0.181263,-0.782349,1.05003,2.74643,0.680488,1.62533,0.678767,0.970924,0.936185,2.13751,1.03115,1.40671,1.25406,1.84609,0.250694,1.04876,1.26799,1.94226,-0.270448,-1.167,0.499252,0.968375,-0.115814,0.922154,-0.804589,-1.39884,-1.66971,-2.51961,-2.58392,-3.3062,-1.02467,-1.03984,0.587816,1.21213,645,132,777,12
noguchi_free.mat,-0.947131,0,-0.70846,-0.660525,0.135599,0,0.0380009,0,0.266741,0,0.258396,0,-0.0470367,-0.628826,0.274288,0.459797,0.131926,0.221085,0.157332,0,0.0258664,0.349913,0.575717,0.707651,0.429376,0.533494,0.237512,0,0.0530847,0,-0.0609832,0,0.24508,0,0.138623,0,0.482687,0,0.379995,0.165341,0.395967,0.450495,0.782678,0.87788,-0.175706,-0.111673,0.138733,0.164546,-0.345702,-0.535549,0.0379904,0.182452,-0.02286,0,-0.836112,-1.07943,-1.33453,-1.71106,-1.04671,-1.23636,-0.0958569,0.021435,0.435784,0.497853,-1.1535,-1.43663,-0.9993,-1.10152,-0.12463,-0.479409,-0.347489,-0.582442,-0.0866232,0,0.0642473,0.43404,0.694943,1.29251,-0.0296086,-0.12543,-0.192339,-0.30202,0.648546,0.337319,0.478656,1.07445,0.552653,0.536113,-0.0623391,-0.240272,0.334477,0.54536,0.52486,0.721076,0.472989,0.774969,0.776413,1.18835,0.518319,1.03034,0.385495,0.785145,1.05437,1.04821,0.222625,0.0749996,0.253585,0.04309,-0.729324,-0.952564,0.621486,0.109037,-0.356133,-0.472147,-0.675474,0,-0.58387,0,0.0226403,0.345592,-0.62038,-0.187515,-0.941071,-1.24055,-0.608923,0,-0.115076,0,-1.48929,-1.96387,-0.899923,-1.46906,0.0556617,0.613145,-0.280583,-0.556805,-0.293654,-0.66805,-0.0437266,-0.350202,0.187211,-0.654813,-0.224906,-0.492811,-0.284478,-0.464569,0.720786,1.28698,0.313129,-0.275667,0.684039,1.01107,0.01025,0.0817989,0.593697,1.28735,0.742373,1.50627,0.885599,1.60138,1.02927,1.58347,0.845378,1.26947,0.575255,0.783475,1.76387,2.24887,0.666828,0.838264,0.1455,0.0624281,-0.431986,-0.653391,0.647868,0.537463,-0.444347,-0.66485,-0.926681,-1.31736,-0.85169,-1.33473,-0.547193,-0.968929,-0.897495,-1.11957,-1.37334,-1.84846,-0.59015,-0.870825,-0.287541,-0.535531,-1.52972,-1.96387,-0.662179,-0.882377,0.285584,0.613145,0.0686614,-0.556805,0.192172,-0.66805,0.104885,0.41318,0.00588664,-0.654813,0.203376,0.694024,-0.0107131,-0.464569,0.559864,0.666075,-0.0453161,-0.94954,0.612046,1.01107,0.0608293,0.161318,0.412661,1.28735,0.408232,1.50627,0.500362,1.60138,0.509353,1.58347,0.471666,1.26947,0.454151,0.783475,1.02524,-0.0760903,0.449754,0.596426,0.230293,0.527749,-0.146578,-0.653391,0.0909216,-0.681369,-0.27492,-0.66485,-0.497092,-1.31736,-0.474209,-0.649503,-0.809251,-1.22936,-0.693931,-0.763186,-1.45034,-1.84846,-0.187892,-0.0486394,0.135412,0,-1.63093,-2.20113,-0.493647,-0.882377,0.502988,0.613145,0.369398,0.608503,0.550478,0.573388,0.169564,0.41318,-0.15813,-0.654813,0.530177,0.694024,0.250207,0.581083,0.574991,0.840895,-0.277781,-0.94954,0.407516,0.700039,0.0158793,0.161318,0.120091,0.462156,-0.120521,-0.583348,-0.0440489,-0.659275,-0.0548571,0.109186,0.0722306,-0.289024,0.288009,0.509977,0.558821,0.622767,0.310959,0.596426,0.288499,0.527749,0.163149,0.598782,-0.0234694,-0.681369,-0.0386765,-0.625669,-0.118743,-0.318476,-0.318288,-0.649503,-0.645751,-1.22936,-0.459367,-0.763186,-1.44011,-1.78671,0.172681,0.531007,0.477344,0.75089,862,200,1062,13
numata_free.mat,0.539231,0.69203,-0.297244,-0.239814,-1.31134,-1.45555,0.0375788,0.144406,-0.0439789,0.210698,-0.288337,-0.081343,-0.246699,-0.459372,0.0324466,-0.242556,0.0950501,0.0132948,-0.139865,-0.400186,-1.07515,-1.44121,-0.347284,-0.538119,0.173573,0.0723922,-0.327916,-0.589062,-1.20535,-1.51668,-0.0439809,-0.373056,-0.319441,-0.431,0.170797,0.0566365,0.39892,0.462165,-0.0108755,-0.176937,0.396114,0.494999,0.113779,0.137891,0.933968,1.0437,-2.25258,-1.9289,0.446551,0.862104,-0.132078,-0.0211701,0.398084,0.584908,1.72771,2.1981,1.24748,1.72788,0.594594,0.801523,0.0928124,0.216421,0.644868,0.756103,-0.390363,0,-1.17907,0,-1.50695,-1.23524,-0.73135,-0.989884,-0.589111,-0.875852,-0.15053,-0.683608,1.00097,0,-0.117261,-0.308769,0.285464,0.437427,1.06436,0,0.805719,0,0.443286,0,0.379163,0.475311,0.822104,1.17889,-0.392925,0.062459,0.476935,0.884873,0.389118,0.669696,0.811525,1.0925,0.778447,0.949935,1.09825,1.41015,0.811167,1.16224,0.16595,0.214702,0.565885,0.368776,-3.57916,-3.95363,0.24271,-0.0629723,-1.00926,-1.32196,-0.764858,-1.39525,1.67596,1.36569,-0.00969305,0,-0.693335,0,-1.00435,-1.35305,0.302645,0.112493,-1.3379,-1.59653,-1.26613,-1.77377,-1.35085,-0.579429,-0.554323,-0.869347,-0.117592,0.46028,-0.21266,-0.649762,1.25497,1.91086,0.0967463,0.183484,0.334504,0.557,0.562144,1.5141,0.821857,1.70702,0.343952,0.865236,0.385387,0.500336,-0.0894462,-0.987814,-0.921743,-1.55472,-0.505906,-0.941996,-0.07382,-0.179729,0.381895,-0.0242613,0.63054,0.726128,0.889692,1.14797,0.972441,1.12657,0.428213,0.786042,1.15439,1.48239,-1.01413,0.643581,0.772803,1.13362,-0.17071,0.90257,-0.39739,-0.900132,1.67672,2.52227,-0.899315,-1.37502,-1.74745,-2.05004,-0.625436,-0.0115224,0.578958,1.27705,-1.52296,-1.59653,-1.12635,-0.803612,-1.8616,-2.37049,-0.602614,-0.753247,0.0515939,0.46028,-0.343077,0.196153,0.431524,-0.0485397,0.126328,0.183484,0.311556,0.557,0.278004,0.425747,0.361948,0.398807,0.181374,0.280544,0.364922,0.500336,-0.139847,-0.987814,-0.475088,-1.55472,-0.138942,-0.941996,0.171502,-0.179729,0.298208,-0.0242613,0.644788,0.726128,0.7741,1.14797,0.83667,1.12657,0.581387,0.786042,0.980028,1.48239,-0.270821,-0.778017,0.86644,1.39096,0.220934,0.90257,-0.187566,-0.900132,1.32266,1.49632,-0.74585,-1.37502,-1.74152,-2.05004,-0.295591,-0.188143,0.647145,1.27705,-1.94758,-2.7346,-1.33295,-1.93389,-2.48781,-3.32882,-0.844924,-1.35656,0.0471357,0.46028,-0.440285,-0.731753,-0.137106,-0.690455,0.143552,0.286121,0.424553,0.738927,0.239399,0.456046,0.321209,0.398807,0.308017,0.801352,0.49082,0.872178,0.154669,-0.987814,0.2079,1.19115,0.342237,1.01337,0.485452,1.02354,0.399594,-0.0242613,0.714408,0.965483,0.76094,1.07069,0.829231,1.15689,0.674919,0.786042,0.865781,1.48239,0.418527,1.33106,0.861915,1.39096,0.328534,0.90257,-0.152214,-0.347374,1.03663,1.49632,-0.939023,-1.66002,-2.19279,-3.25126,-0.283327,-0.711665,0.700776,1.27705,627,139,766,14
sasaya_free.mat,-0.2303,-0.694637,-0.686225,-0.724656,-0.964888,-1.08544,-0.669669,0,0.0894482,0.116119,-0.607817,-0.757003,-0.241676,-0.480863,-0.134558,-0.15871,0.382721,0,-0.61834,-0.875858,0.0217809,0.35767,0.252488,0.313961,0.188535,0.199822,0.45909,0.251213,0.872547,0.620122,0.696529,0.547424,0.664497,0.494725,0.325548,0.384772,0.372746,0.443605,0.692073,0.904899,0.483832,0.620985,0.393362,0.461174,-0.0910963,0.0106362,1.05002,1.46258,-0.533058,0,0.109805,0,-0.450214,-0.215964,-0.727205,-1.20178,-0.430615,0,-0.158465,-0.491517,-0.455306,0,-0.0531831,0.0322993,-0.448143,-1.0883,-0.935107,-1.17269,-0.319244,-0.388965,-0.573355,-0.991298,0.0964513,-0.0446769,-0.41267,0,0.39205,1.2328,-0.124486,-0.16329,0.288808,0.0851188,-0.214449,0.117442,0.420324,0.639003,0.467606,0.540932,0.162525,0.25985,1.08629,1.30921,1.39688,1.84513,1.01168,1.26751,0.884082,1.06549,0.183827,0.32223,0.381199,0.453158,0.356515,0.353908,0.294798,0.266379,0.224083,0,-0.152647,-0.31867,0.692467,0.794815,-0.782887,-0.945129,-0.0193881,-0.179677,-0.941416,-1.06769,-0.713304,-0.842305,-0.865912,-0.978359,-0.721451,0,-0.776968,-0.889696,-0.334809,-0.435122,-0.198321,-0.301341,-0.702654,-0.882677,0.108241,0.455644,0.274491,0.750637,0.382592,0.436213,0.387572,0.683771,0.681821,0.85054,0.0985597,0,0.376207,0.503387,-0.504242,0,0.0825502,-0.713299,0.105105,-0.217319,-0.0888748,-0.113786,0.382947,0.427405,0.359292,0.439369,-0.0410202,-0.235286,0.255152,0.274615,-0.454221,-0.55221,-0.0264003,-0.144694,-0.187084,-0.603767,0.290729,0.368187,0.239794,0,0.224578,0.110391,0.762596,0.879074,-0.247899,-0.383165,0.501665,0,-0.472182,-0.514166,-0.72205,-0.625671,-0.578322,-0.886992,-1.04649,-1.13601,-0.23287,0.0974841,-0.00729406,0.0577677,-0.0741285,-0.301341,-0.537672,-0.882677,0.396894,1.11074,0.488489,0.750637,0.631768,0.231614,0.410116,0.683771,0.313701,0.85054,0.368437,0.631705,0.469265,0.594984,-0.774683,-0.994604,-0.261549,-0.713299,-0.109499,-0.217319,-0.0995362,-0.115563,0.147009,0.427405,0.062083,-0.502493,-0.271367,-0.597705,0.0845048,0.274615,-0.547884,-0.636579,-0.103597,-0.22373,-0.338984,-0.627966,0.225522,0.451541,0.327751,0.398351,0.304206,0.499386,0.622526,0.879074,-0.281726,-0.414688,0.787547,1.08266,-0.28788,-0.514166,-0.867741,-1.13585,-0.455407,-0.584944,-0.905964,-1.04663,0.0776995,0.0974841,0.204017,0.0577677,-0.00138122,0.259667,-0.302254,-0.588615,0.594093,1.11074,0.750976,0.750637,0.855251,0,0.30074,0.5073,-0.105523,-0.81095,0.558738,0.631705,0.4,0.594984,-0.83654,-0.994604,-0.643579,-1.21453,-0.277111,-0.467266,-0.144144,-0.115563,0.0512438,0.427405,-0.137044,-0.502493,-0.293722,-0.597705,-0.0326589,-0.151317,-0.621921,-0.636579,-0.184688,-0.22373,-0.414546,-0.627966,0.111955,0.451541,0.313443,0.398351,0.319952,0.499386,0.363002,0,-0.256784,-0.414688,0.968203,1.08266,-0.136106,0.0530158,-0.899549,-1.13585,-0.254642,-0.584944,-0.779436,-1.04663,0.382602,0.0974841,0.355137,0.613005,989,181,1170,15
suto_free.mat,1.25757,1.71385,0.580552,0.722347,0.268491,0.395517,-0.057011,0,0.0219689,0.228303,-0.131809,0,-0.169648,-0.332848,-0.253951,0,-0.3839,-0.470562,-1.00829,-1.35882,-0.274818,0,-0.674858,-0.786027,-0.833729,-0.98073,-0.299369,0,0.364471,0,0.229041,0,-0.56201,-0.907132,-0.513666,-0.851566,-0.509023,-0.700381,-0.0589179,-0.234322,0.000939337,-0.361151,-0.330403,-0.428713,-0.125218,0.115435,0.757464,0.869948,-0.158263,0,0.488335,0.829277,0.36783,0.476821,-0.231739,0,0.603151,0.953351,1.26673,1.39346,0.249189,0,0.121037,0.287909,0.207895,0,-0.995858,0,-0.10733,-0.374079,-1.83622,0,-1.87893,-2.31661,-0.774896,-1.02707,0.211526,-0.371235,-1.24478,-1.47331,-0.52014,-0.707494,0.788457,1.75764,2.65108,3.24968,1.01963,1.42627,-0.0929795,0,2.16477,2.78206,2.63626,3.15779,2.36638,2.90687,1.27604,1.70001,1.18134,1.40148,0.56631,0,1.81667,0,0.555764,0.303089,-0.458593,-0.718867,-0.902634,-1.35326,-1.09253,-1.92822,-1.22437,0,-0.743805,-0.81748,-1.24334,0,-1.00472,0,-0.861398,0,-0.13722,0,-1.60538,0,-0.716798,-0.949565,-0.725148,-1.33683,-1.50907,-2.10574,-0.473681,-1.08567,-1.81565,-2.62334,-1.19146,0,-0.755739,-0.954266,0.832106,1.84251,-0.541577,-0.876708,0.304402,0.43591,0.291655,0,1.95326,3.4425,1.13648,1.67969,0.26905,0.621631,1.8342,2.65658,1.94166,2.95616,1.65757,2.5165,0.877022,1.63044,1.19685,1.67711,0.787561,0.885999,2.1366,0,0.894309,1.13184,0.107797,0.216046,-0.881214,-1.39237,1.17332,2.90198,-0.971793,-1.56083,-1.28839,-1.76673,-1.79455,-2.77702,-1.40675,-1.77663,-1.6318,-2.52468,-1.15088,-1.97383,-1.32913,-2.22247,0.0731517,-0.0609917,0.372009,1.62523,-0.284093,1.06173,-0.656234,-1.08567,-0.354448,1.07156,-0.100904,0.976822,-0.564604,-0.954266,-0.451502,0.417106,-0.0674319,-0.876708,0.228463,0.43591,-1.1218,-2.79063,-0.134599,-2.17915,0.0275082,1.67969,-0.403898,-1.33507,0.0690285,2.65658,0.210498,2.95616,0.142575,2.5165,-0.483805,-2.31957,0.123727,1.67711,0.128332,0.885999,1.09617,0,0.502599,0.338694,0.0335416,0.48048,-0.57181,-1.39237,1.33934,2.90198,0.0985768,0,-0.379001,-1.76673,0.0522784,2.06425,-0.248488,-1.77663,0.120285,0,0.348809,0,0.314606,1.90244,0.614323,1.35414,1.0178,1.62523,0.48432,1.06173,-0.879218,-1.52605,0.514405,1.07156,0.493323,0.976822,-0.510488,-0.934499,-1.52021,-3.37815,0.362764,0.777355,0.29896,0.758073,-1.78884,-2.79063,-1.34593,-2.17915,-0.537981,-1.18624,-0.730173,-1.33507,-0.900713,-2.00598,-0.862812,-1.67547,-0.750281,-1.53136,-1.44793,-2.31957,-0.696635,-1.40867,-0.33935,-0.901178,0.267898,-0.761336,0.172763,0.338694,0.00890938,0.48048,-0.333981,-0.452406,1.04959,2.90198,0.815981,1.30896,0.438445,1.17346,1.13681,2.06425,0.656095,1.42426,1.27825,2.03947,1.38338,2.25501,1.37122,1.9367,0.893605,1.35414,910,142,1052,16
tadokoro_free.mat,0.362428,0,0.673081,0.802182,0.0591582,0,0.368185,0.557163,0.142516,0.466439,0.261782,0.310428,0.243012,0.160745,0.118818,0.185771,-0.199044,0,-0.208705,-0.38257,-0.628595,-0.840453,-0.122406,-0.192392,-0.180733,0,-0.0556819,-0.399745,-0.169564,-0.863292,0.564777,0,0.343504,0,0.0313345,0,-0.0416545,0,-0.00369743,0,-0.410693,-0.538576,-0.0113087,0.103111,-0.279889,-0.300982,-0.496137,-0.569208,-0.496975,0,0.0753501,0.381606,-0.101709,0.191251,-0.482372,0,0.0204847,0,0.148541,0,0.392841,0.697413,0.0826609,0.412604,-0.384853,0,-0.217754,0,0.188108,-0.0793751,-0.805532,0,-1.21368,0,0.0836247,-0.125354,1.51524,0,-0.281378,-0.399143,-0.204037,-0.3492,0.836993,1.62309,1.37816,0,0.951708,0,0.332265,0.526526,1.61236,0,0.801127,0.585347,1.57285,1.43001,1.48613,1.20263,1.32374,1.78551,0.736011,1.00051,1.24764,0,0.159371,0,-0.229249,-0.181093,-1.02019,-1.55252,0.16752,0,-1.49425,0,-1.58148,0,-1.89985,0,-0.868434,-0.739458,-1.23153,0,-0.793881,0,-1.25902,0,-0.908794,0,-0.597269,-0.949456,-0.442128,-0.911607,0.865262,1.00126,-0.883253,-1.52301,-1.28579,-1.92603,0.725797,0.855757,1.90277,2.62773,0.280006,0.310375,-0.0730471,-0.237344,1.20085,1.56868,2.0346,2.77367,0.952146,1.58756,-0.0819725,-0.331002,1.13009,-0.340962,0.985115,2.19712,1.45359,2.37525,1.39748,2.42478,0.974988,0,0.503218,0.330593,1.5797,2.13166,0.615079,0.777081,-0.418436,-0.782176,-0.627856,0,1.14118,1.34985,-1.64928,0,-1.82303,-2.53845,-2.66167,-3.32323,-1.45094,-1.67504,-2.02459,-2.52217,-1.39523,-1.89714,-1.65602,-2.37497,-0.672913,-1.3571,-0.198171,0,-0.21744,-0.274608,0.577752,1.00126,-0.329286,0,-0.417183,0,0.619078,0.855757,0.720706,-0.570153,0.718037,1.30596,0.318141,0.80022,0.411778,-0.484021,0.740265,-0.726721,0.360528,0.232369,-0.000768471,0.332828,0.179204,-0.340962,-0.0612867,-0.951918,0.448196,-0.417217,0.342552,-0.396668,0.314482,-0.14858,0.403946,0.464032,0.778195,0,0.606648,0.777081,0.148782,0.730206,0.495835,1.60832,0.617624,1.34985,-1.06025,0,-0.783011,0.162924,-1.69228,-0.686919,-1.36641,-1.67504,-1.37715,-0.708366,-0.717564,0,-0.813773,-0.108185,0.230959,0.958253,0.173793,0,-0.10256,-0.274608,0.462002,0.629212,0.0630386,0.478825,0.110594,0.379338,0.611646,0.356368,0.185044,-0.570153,0.888304,1.30596,0.526559,0.80022,-0.0866894,-0.484021,-0.0408533,-0.726721,0.0239319,0.232369,0.0300679,0.332828,-0.413301,-0.651925,-0.813462,-0.951918,-0.245145,-0.417217,-0.369051,-1.16844,-0.174847,-0.803935,0.266442,0.464032,0.3074,0.01778,0.488818,0.777081,0.410269,0.730206,0.92867,1.60832,0.330114,1.34985,-0.591867,0,-0.180675,0.162924,-1.00523,-0.691044,-1.01544,-1.60991,-0.921992,-0.774915,-0.205174,0,-0.340043,-0.228234,0.697492,0.958253,1024,202,1226,17
taguchi_free.mat,1.07603,0,0.764947,1.03372,0.57692,0.628762,0.228687,0,0.613595,0.527957,0.288388,0,0.0104862,0.393907,-0.0544078,-0.147939,-0.119517,-0.192136,-0.364287,-0.611246,-0.751744,0,-0.298334,0,-0.564284,-0.643972,-0.0317814,0,-0.434933,0,-0.128626,-0.170125,0.12542,0.300641,-0.329061,-0.210921,-0.140501,-0.235898,0.334808,0,-0.290896,-0.354973,-0.285893,-0.371748,-0.334305,-0.37544,-0.473154,-0.82839,-0.16172,-0.225617,0.414655,0.32953,0.0356409,-0.0592825,-0.0263107,0.0446915,0.211256,0.0581048,0.665355,0,0.0221097,0,-0.577974,0,0.798418,1.12096,0.209785,0.337825,0.116851,-0.0214977,-0.248722,0,0.297246,0.553568,-0.141044,-0.352419,0.141586,-0.186493,-0.0786755,-0.447173,-0.302253,-0.433273,-0.448971,-0.814752,-0.603559,-0.82572,-0.353312,-0.566754,-0.491698,0,-0.078656,-0.502076,-0.118571,0.110098,-0.0646859,-0.210632,-0.0195189,-0.191951,-0.31059,-0.536274,0.0955279,0,0.590056,0,-0.102701,0,-0.152272,-0.0756889,-0.144409,-0.0397817,-0.163429,-0.39195,0.109636,0.2228,0.565202,0.727354,0.241157,0.467109,0.171956,0.33728,0.458712,0.72223,0.800758,1.1717,-0.0395271,-0.185554,-0.733284,-0.792171,0.725575,1.14538,0.0267281,0.110585,0.176306,0.245007,-0.660456,-0.68097,-0.485597,0,-0.15657,0.0436269,0.175573,0,-0.362788,-0.480432,-0.414328,-0.623626,-0.298718,-0.590501,-0.117784,-0.19574,-0.36999,-0.655798,-0.374356,-0.671155,-0.123453,-0.501969,-0.0793488,0.310899,-0.0116443,0.250926,0.396033,0.569502,-0.250703,-0.426774,0.126812,0.237897,1.58735,1.92884,0.482019,0.682007,-0.330712,-0.386215,-0.57356,-0.681819,1.48748,2.07876,0.104085,0.322547,-0.542205,-0.619734,-0.337851,-0.747627,0.387193,0.768848,0.0468877,0.223064,0.813489,1.24296,-0.349424,-0.529361,-0.694415,-0.787866,0.874694,1.14538,0.0358115,0.110585,0.166053,0.245007,-0.663568,-0.823619,-0.718297,-1.07286,-0.281845,-0.436622,-0.0344932,-0.154962,-0.478504,-0.644735,-0.461107,-0.623626,-0.286389,-0.590501,0.200065,0.63196,-0.449967,-0.655798,-0.448376,-0.671155,-0.147389,-0.501969,0.220173,0.746927,0.0697501,0.335317,0.442963,0.569502,-0.210056,-0.426774,-0.0301233,-0.0304473,1.60592,1.92884,0.454914,0.682007,-0.385694,-0.386215,-0.546592,-0.681819,1.68056,2.07876,0.00312332,0.322547,-0.769737,-0.975014,-0.201185,-0.747627,0.340209,0.768848,0.0234404,0.223064,0.927331,1.24296,-0.359298,-0.547109,-0.57039,-0.787866,1.2272,1.73087,0.288366,1.03412,0.359779,0.833658,-0.404054,-0.823619,-0.62017,-1.07286,-0.265286,-0.436622,-0.135346,-0.23897,-0.507808,-0.644735,-0.499026,-0.623626,-0.378378,-0.590501,0.197843,0.63196,-0.626861,-0.655798,-0.655657,-0.671155,-0.474892,-1.10364,0.041846,0.746927,-0.149768,0.335317,0.220582,0.527984,-0.356675,0.0235504,-0.334199,-0.0304473,1.31029,1.92884,0.313437,0.682007,-0.536418,-0.923845,-0.580259,-0.826936,1.69639,2.07876,0.0645025,0.322547,-0.753278,-0.975014,0.16957,-0.249287,0.462353,0.891161,0.244725,0.223064,1.19596,1.57631,-0.0771163,-0.547109,-0.435367,-0.404868,938,210,1148,18
takashi_free.mat,-0.150762,-0.197549,-0.333736,-0.416988,-0.0306508,-0.242825,-0.323425,-0.407996,-0.0342948,-0.19971,-0.110339,-0.11606,-0.487666,-0.244081,0.37732,0.409692,0.197839,0.392052,-0.16982,-0.42295,0.560717,0.721893,0.326821,0.357565,0.262191,0.496918,0.543573,0.643058,2.42859,2.68895,1.26907,1.49481,0.866082,1.05779,0.611265,0.667492,-0.0925824,-0.187299,0.193706,0.358915,-0.243096,-0.361772,0.0427083,0.32367,-0.484166,-0.543343,-0.618486,-0.714147,-0.575051,0,-0.566944,-0.672961,-0.675339,-0.775108,-0.566675,-0.794847,-0.786075,-0.864885,-0.524176,-0.612627,-0.582446,-0.669913,-0.325654,-0.506902,-0.526369,-0.0421242,-0.586765,-0.192727,-0.357289,-0.59213,-0.44226,-0.086421,-0.230424,0.0548644,-0.47363,-0.0816337,-0.433167,-0.953292,0.342437,0.490706,0.000372261,-0.287745,0.383514,0.853227,1.0951,0.349888,0.535288,0.244596,0.456213,0.297949,0.620787,0.144354,1.63118,1.16195,0.928709,0.527472,0.819408,0.714526,0.974722,0.663073,0.157931,0.00344661,1.02847,1.69022,-0.0999511,-0.212489,0.0483946,-0.0888267,-0.521831,-0.564817,-0.376235,-0.500992,-0.610333,-0.508305,-0.589253,-0.370296,-1.124,-0.506847,-0.412844,-0.276929,-0.733105,-0.567156,-0.488324,-0.34973,-0.516617,-0.278269,-0.502591,-0.904951,-0.271162,-1.11343,-0.536423,-1.28257,-0.330711,-0.846862,-0.6506,-1.29205,-1.12408,-1.51053,-0.424152,0,0.202164,0.818599,0.217974,0.0356192,-0.138712,-0.455115,0.241927,0,1.33693,1.92407,0.650663,1.19791,0.456953,1.00221,0.664013,1.66858,2.07919,3.4463,1.44013,2.69612,1.33012,2.71911,0.963004,1.86561,0.0605523,0.547489,0.936412,0,-0.189012,0.181315,-0.326489,-0.617095,-0.830217,-1.19737,-0.122271,0.12643,-0.758033,-1.37287,-0.711687,-1.09724,-1.40678,-1.98155,-0.382348,-1.17128,-0.836105,-1.63652,-0.243387,-1.06676,-0.603185,-1.28225,-0.698559,-0.885266,0.189293,0.468421,-0.15392,0.25379,-0.238921,-0.666407,-0.178851,0.149869,-0.599152,-1.51053,-0.105966,0.139118,0.216994,0.818599,0.449934,0.698938,-0.0339303,-0.455115,-0.13587,0,0.51467,-0.307671,0.359,0.464018,0.334138,0.567002,0.142474,-0.48816,1.67644,2.53853,0.950332,1.21559,0.794087,0.763923,0.464071,0.391488,-0.164711,-0.29038,0.320545,-0.33209,-0.495737,-0.782738,-0.282885,-0.617095,-0.667973,-1.19737,-0.326679,-0.891512,-0.583681,-0.716735,-0.474747,-1.09724,-0.893944,-0.522284,-0.207521,-0.478475,-0.53238,-0.70631,0.167194,0.604116,-0.21693,0.21047,-0.290113,-0.885266,0.307292,0.468421,-0.173061,0.25379,-0.281873,-0.666407,-0.102045,0.149869,-0.192174,0.159035,-0.122314,0.139118,0.0845659,-0.218301,0.485528,0.698938,-0.0427058,-0.455115,-0.378193,-0.618883,0.036701,-0.307671,0.119779,0.464018,0.308853,0.567002,-0.0590749,-0.48816,1.58836,2.53853,0.79372,1.21559,0.544873,0.763923,0.328776,0.391488,-0.153777,-0.283469,0.113776,-0.33209,-0.505653,-0.782738,-0.120584,-0.0838291,-0.424781,-0.60431,-0.361233,-0.891512,-0.430333,-0.716735,-0.343779,-0.436853,-0.64351,-0.691146,-0.0655545,-0.478475,-0.385672,-0.70631,0.365507,0.604116,-0.133874,0.21047,-0.162976,0.411762,1010,169,1179,19
takeuchi_free.mat,1.11626,0,1.00586,1.23553,0.360142,-0.0780808,1.45928,1.6021,0.82461,1.01064,0.540592,0,-0.0759419,0,0.539771,0.707498,0.0575191,0.207436,-0.0825203,0.144127,-0.582883,-0.896159,-0.410361,-0.113432,-0.271241,-0.298324,-0.654198,-0.93581,-0.499289,-0.741551,-0.834336,-0.980018,-0.945059,-1.14851,-0.661292,-0.752799,-0.384412,-0.540823,-0.661294,-0.862462,-0.319708,0,-0.102085,0.00860738,-0.111308,0.0320619,-0.397085,-0.697806,-0.253606,-0.0892807,0.268978,0.373565,-0.130123,-0.216514,-0.638775,0,-0.217219,0,0.641771,0,1.1368,1.23108,0.281519,0.422672,1.02396,1.89011,0.272273,-0.47385,1.29219,1.89138,-0.196239,-0.791262,-0.807731,-1.18369,0.064906,0.935541,0.6124,0.764293,-0.733627,-1.06066,-0.401493,-0.655083,-0.282697,-0.57188,0.437819,1.0538,-0.223549,-0.934651,-0.160215,-0.530294,0.241359,0.924861,1.20353,2.06082,0.572632,1.26436,0.541336,1.08222,0.255222,0.712841,0.00618877,0.425309,0.71444,1.02326,-0.329241,-0.604871,-0.497263,-0.797395,-1.08596,-1.43755,0.224329,0.360388,-0.474574,-0.665856,-0.907232,-1.24349,-0.728248,-1.1159,-0.248603,-0.0550359,-0.242358,0.275248,0.835737,1.51246,-0.209296,-0.594216,-0.769509,-1.04353,-0.0698948,-0.380468,0.27588,0,0.891368,1.46459,0.149678,0,0.187098,0,0.368701,0.644096,0.0430994,0.661018,0.372929,0.764017,0.25325,0.383446,-0.118968,0.335448,-0.148568,0,-0.0489911,0.22336,0.0905936,-0.134025,-0.107494,0,0.385,0,-0.110482,0,-0.000991853,0,-0.0138588,0,-0.0646345,-0.30014,0.24534,0,0.0339225,-0.32679,-0.100819,-0.430067,-0.417133,-0.859733,0.43005,0.614946,-0.234311,-0.55762,-0.134661,0,-0.6373,-0.99886,-0.762302,-0.941056,-0.657107,-1.03236,-0.074273,-0.534689,0.00319114,0,-0.0277975,0,0.275951,0.685133,0.629081,0.84487,1.04168,1.46459,0.506008,0.815486,0.688262,1.00359,0.491713,0.644096,-0.599844,-1.24916,0.601754,0.764017,0.414443,0.700419,-0.572767,-1.30831,-0.754187,-1.68811,-0.3106,-0.876137,0.100867,0.380265,-0.622514,-1.35348,-0.313956,-1.17741,-0.771063,-1.61094,-0.699722,-1.36625,-0.456182,-0.909766,-0.237692,-0.418184,-0.370111,-1.05868,0.134696,0.565695,0.258426,0.695032,0.0892275,-0.859733,0.155078,0.614946,-0.153916,-0.55762,0.464304,1.04332,-0.148964,-0.99886,-0.957572,-1.32437,-0.232661,-1.03236,0.29534,0.608247,0.535639,1.0572,0.519712,1.03758,0.421551,0.685133,0.810345,0.84487,1.1706,1.46459,0.581269,0.815486,0.847499,1.00359,0.559804,0.431497,-0.821302,-1.24916,0.627117,0.723023,0.46828,0.700419,-0.826518,-1.30831,-1.02064,-1.68811,-0.447697,-0.876137,0.105481,0.380265,-0.917933,-1.35348,-0.75867,-1.17741,-1.11585,-1.61094,-1.00522,-1.36625,-0.64419,-0.909766,-0.294169,-0.418184,-0.628056,-1.05868,0.26314,0.565695,0.449769,0.695032,0.38205,0.795573,0.0459235,0.614946,-0.0765765,-0.460223,0.703283,1.04332,0.112752,0.559971,-0.981965,-1.32437,0.0579959,0.371461,0.502326,0.608247,0.688721,1.0572,0.741197,1.03758,958,211,1169,20
tani2_free.mat,0.706127,0,0.505128,0,0.538022,0,0.107109,0,0.215682,0.322284,0.292062,0,0.221818,0,0.290319,0.382177,0.0699784,0.100437,0.0125288,0,0.0925863,0,0.157474,0.169651,0.0377917,0.112312,-0.147397,0,-0.305364,0,-0.370035,0,-0.422137,0,-0.241626,0,-0.356702,0,-0.396179,-0.420354,-0.366331,-0.43105,-0.159272,-0.230334,-0.235043,-0.280087,-0.265637,-0.305194,-0.278332,-0.410225,0.00127291,0.0784469,-0.259898,-0.322696,0.0566436,-0.0660025,0.0533716,0.101163,0.4393,0.487394,0.120306,0.13517,-0.111885,0,0.557675,0.938318,0.0977853,0,0.825528,1.02279,0.031,0.385024,-0.199283,0,0.47832,0.664305,0.891007,1.05614,0.013657,0,-0.176757,-0.307571,0.446938,0.594995,0.573261,0,0.0536531,-0.0228414,-0.223399,-0.269475,-0.229419,-0.350873,-0.37952,-0.715724,-0.117952,-0.720428,-0.14369,-0.887714,0.00593045,-0.509402,-0.197383,-0.528206,0.390565,0,-0.00254107,0,-0.212753,-0.279229,-0.383521,-0.484244,-0.00356438,-0.360739,-0.274989,0.0215396,-0.397837,0,-0.501983,-0.223388,0.162676,0.265525,-0.361471,0,0.176573,0,-0.467092,0,-0.428459,0,0.386827,-0.284653,-0.0517216,-0.769543,0.563507,0.589503,-0.110205,-0.753966,-0.213501,-0.760057,0.217258,0.00334682,0.431297,1.05063,-0.111184,0,-0.178586,-0.215704,0.0019732,0,0.3009,1.08015,-0.482139,0.000732641,-0.235148,-0.542658,-0.322519,0.37068,0.00875552,0.823002,0.341541,1.13381,0.295906,1.01674,-0.043176,0.620783,-0.176499,0.198054,0.623792,1.45473,0.124591,0.420766,-0.230704,-0.259669,-0.214352,-0.470452,0.215251,0.842832,-0.160041,0.208149,-0.36691,-0.863104,-0.244399,-0.849413,0.168243,0.515593,-0.128724,-1.02738,0.402159,-0.462156,-0.409073,-1.24146,-0.398192,-0.732895,1.12256,1.66656,0.690029,1.26547,0.621035,0.839491,0.762287,1.59891,0.560183,1.21652,0.525847,0.780764,0.042167,1.05063,0.232701,0.536344,-0.0674612,-0.215704,-0.466479,-0.777566,-0.598338,-1.30771,-0.980582,-1.32604,-0.387661,-0.542658,-1.04408,-1.585,-0.951218,0,-0.694177,-1.91928,-0.773287,-2.12497,-0.818834,-1.55929,-0.605965,-1.00626,-0.414116,-1.43393,-0.384398,-0.895379,-0.0928383,-0.259669,0.0365588,0.340388,-0.494389,-1.28319,0.187403,0.790411,0.400762,1.17513,0.617974,1.62672,0.371559,0.878208,0.724992,1.47155,1.14359,1.66106,0.592107,1.48888,0.148178,0.664435,1.48917,1.66656,1.03495,1.26547,0.66667,0.839491,1.23159,1.59891,0.948182,1.21652,0.729631,0.855215,-0.393577,-0.925403,0.376559,0.536344,-0.0395772,-0.215704,-0.665092,-0.777566,-0.986946,-1.30771,-1.25837,-1.32604,-0.51655,-0.542658,-1.41689,-1.585,-1.52505,-2.06824,-1.29164,-1.91928,-1.41195,-2.12497,-1.20574,-1.55929,-0.82559,-1.00626,-0.912021,-1.43393,-0.602938,-0.895379,-0.0189537,0.206643,0.192248,0.340388,-0.66918,-1.28319,0.428843,0.790411,0.799469,1.17513,1.12878,1.62672,0.542471,0.878208,1.16575,1.47155,1.51666,1.66106,1.07316,1.48888,0.423013,0.664435,844,159,1003,21
terada_free.mat,-1.10219,0,-0.292964,-0.437827,-0.357407,-0.526862,0.056787,-0.0912749,-0.262415,0,-0.612863,-0.83603,0.0416636,0.406549,-0.344266,-0.576797,-0.545166,0,0.994537,0.766987,-0.526097,-0.898761,0.495763,0.58868,0.36147,0.506962,0.568929,0.623355,0.0793256,0.294788,1.06903,1.12534,0.439569,0,0.718487,1.01663,0.766411,1.00802,0.970039,0,-0.0884981,0.18644,-0.264671,-0.23058,0.332306,0.418342,-0.66175,-0.279583,0.813201,1.2137,-0.20619,0,-0.73051,-0.708384,-0.0643255,0.201915,-0.082664,-0.163458,-0.566892,-0.732329,-0.12474,-0.205967,-0.876452,0,-1.59243,-1.75071,-0.379551,-0.682726,-0.0204523,0.221351,0.0171245,0.226069,-0.891357,0,-0.564953,-0.452434,0.682988,1.25764,-0.00122289,0.172839,-1.12123,-1.292,2.11936,2.33463,0.134966,0,0.919604,0,-0.0267032,-0.219159,1.13871,0,0.43554,0.556831,1.85892,2.06463,0.764674,0.884094,1.08106,1.19226,0.904097,0.987939,1.76864,1.89324,-0.406972,-0.590635,-0.873779,-1.07467,0.11851,0.192945,-1.41873,-1.7016,0.912524,0.802811,-0.798651,-0.843729,-1.61591,-1.79987,-0.336745,-0.51834,-0.272048,-0.584966,-0.62128,-0.871737,-0.365438,-0.0436763,-1.55244,-1.64329,0.168931,0,0.0526745,0,-0.225888,-0.367817,-0.109257,-0.527162,-1.06986,-1.55164,-0.805232,-0.976365,0.0226159,-0.558156,-0.285631,-0.502701,-0.841572,-0.919415,0.708643,0,-0.498542,0,0.347435,1.2394,-0.152175,0.303342,0.300518,1.56019,0.0336011,-1.34264,0.793299,0,0.427532,0,0.634563,0,0.593378,0.552736,1.2341,0,-0.0959298,0.141257,-0.727171,-0.844726,-0.125472,-0.238057,-0.368554,0.243953,1.06117,0.901089,-0.28547,-0.953807,-0.499994,0,0.0841833,0.0784568,0.180111,0,0.520274,0,-0.267638,-0.842384,-0.807539,-0.110366,0.949638,1.33135,0.49878,0.929754,-0.0555507,-0.029094,0.452193,1.03155,-0.723747,-0.768553,-0.571056,-0.976365,-0.50081,-0.809876,-0.313111,-0.502701,-0.747155,-0.790552,0.0214499,-0.464595,-1.02023,-1.80924,-0.183756,-0.66902,-0.369258,-0.524054,-0.391792,-1.00896,-0.491738,-1.34264,0.111884,-0.678215,0.0776213,-0.752164,0.233028,-0.294024,0.456698,0.557379,0.722154,0.65411,0.00546418,0.141257,-0.696049,-0.844726,-0.151248,-0.522704,-0.197762,-0.52948,1.08537,1.62549,0.0931333,0.762895,0.219605,0.980931,0.203511,0.502253,0.664192,1.31323,1.04865,1.58609,0.0790888,0.673163,-0.51127,-0.110366,1.37186,1.99267,0.915541,0.929754,0.308136,1.16515,1.04414,2.11862,-0.456038,-0.768553,-0.184074,0.547812,-0.444465,-0.809876,-0.311034,-0.431953,-0.778058,-1.00519,-0.102812,-0.464595,-1.23236,-1.80924,-0.425462,-0.66902,-0.509337,-0.71512,-0.749291,-1.05454,-0.846527,-1.34264,-0.23997,-0.678215,-0.142156,-0.752164,-0.111002,-0.294024,0.244078,0.557379,0.297942,0.65411,-0.0810034,-0.602678,-0.812479,-1.29961,-0.179646,-0.522704,-0.370332,-1.11539,1.0105,1.62549,0.120532,0.762895,0.452699,0.980931,0.25837,0.502253,0.967505,1.31323,1.21321,1.58609,0.343647,0.673163,-0.573279,-1.16853,555,126,681,22
uza_free.mat,1.699,1.854,0.924314,0.941954,0.555692,0.0719505,1.06762,1.11819,0.431786,0.76828,0.668637,0.569682,0.990408,0.752435,0.553632,0,-0.0480567,-0.121529,0.296163,-0.168402,-0.289814,-0.671217,-0.450966,-0.704307,-0.461987,0,-0.643439,-1.01076,-1.1497,-1.30687,-1.32584,0,-1.08692,-1.11955,-1.25264,-1.29787,-0.75568,-0.678827,-0.84964,-0.997739,-0.454019,-0.208082,-0.222625,-0.099857,-0.2508,-0.0336626,-0.953697,-1.2965,-0.29411,0.0742952,0.364362,0.597429,0.0589913,0.463561,0.0752015,0.20822,0.716791,0.919711,1.09997,0,0.612291,0.773315,0.375796,0.622603,1.75742,2.26559,1.29501,1.47067,1.24639,1.80947,1.19245,1.36397,0.187873,0,0.628442,0.711358,1.83254,2.27023,0.185512,0,-0.451416,-0.902921,0.874376,1.46396,0.817446,0,-0.159879,-0.111913,-0.974107,-1.29662,-0.390426,0.315638,-0.783051,-1.27757,-1.22931,-1.58575,-1.02226,-1.25184,-1.51492,-1.67881,-1.25544,-1.38745,-1.04407,-1.74634,-1.06615,-1.35094,-0.982854,-1.29797,-0.992164,-1.1033,-0.439309,-1.3979,-0.763278,-1.24788,-0.219242,-0.436335,0.173068,0.0413368,0.521222,0.661403,0.763441,0.514956,1.6711,1.90303,0.565687,0.604476,-0.423737,0,1.49029,1.10591,0.913924,0.666256,0.504667,0.22511,0.935356,0.544133,0.0806561,-0.517441,0.305456,0.797182,1.12834,0.757286,-0.103034,-0.312782,-0.595271,-0.400112,0.599463,0.670454,0.927396,1.73248,-0.0637803,-0.16109,-0.96674,-0.701843,-0.137876,-0.496714,-0.609046,-0.595217,-1.0112,-0.484431,-0.924484,-0.790985,-1.14527,-0.690179,-0.94974,-0.629789,-0.231633,0.444127,-0.736149,-0.416969,-0.928463,-0.941429,-0.858822,-1.04729,-0.266762,-1.05757,-0.595435,-0.743913,-0.301927,-0.539906,0.234408,0.288435,0.710123,1.01736,1.21516,1.20677,1.62505,2.10021,0.471226,0.171011,-0.716324,-0.923151,1.68914,2.29919,1.28263,1.70125,0.578483,0.847088,1.36379,1.86191,0.79229,1.66787,0.376128,0.912373,1.01282,1.39793,0.191301,0.521666,-0.425399,-0.59906,0.00977856,-0.836018,0.0912817,0.897334,-0.329047,-0.720986,-0.924559,-1.1466,-0.72983,-1.64022,-1.57694,-2.6206,-1.66829,-2.44892,-1.54888,-2.37309,-1.36863,-1.8407,-1.03803,-1.48839,-0.737682,-1.83661,-0.931027,-1.55417,-0.718901,-0.941429,-0.651571,-1.04729,-0.328753,-1.05757,-0.329765,-0.743913,0.261158,1.0257,0.731971,1.4985,0.774457,1.04046,1.55406,2.09989,1.79452,2.28346,1.07386,1.81045,-0.271291,-0.923151,1.73115,2.29919,1.49689,1.70125,0.6218,0.847088,1.66378,1.86191,1.08927,1.66787,0.607801,0.94565,1.06137,1.39793,0.485262,0.804386,-0.309566,-0.59906,-0.158154,-0.836018,-0.264239,-0.791578,-0.379893,-0.720986,-0.930971,-1.1466,-0.918611,-1.64022,-2.02305,-2.6206,-2.04618,-2.44892,-2.08056,-2.37309,-1.65177,-1.8407,-1.13986,-1.48839,-1.22995,-1.83661,-1.19099,-1.55417,-0.708382,-0.941429,-0.503709,-0.481401,-0.688866,-1.1853,-0.24704,-0.542287,0.660299,1.0257,0.919262,1.4985,0.873172,1.04046,1.86563,2.37992,1.81794,2.28346,1.50101,1.81045,0.0758356,0.382367,616,126,742,23
yamashita_free.mat,0.200394,0.318143,6.383e-06,0,0.834402,1.23699,-0.332742,-0.512587,-0.00635273,0,0.0535706,-0.0907474,0.315059,0.830655,-0.103515,-0.419943,0.0097631,0,-0.703659,-0.961743,-0.241157,-0.478709,-0.666526,-0.919372,-0.0488494,-0.115187,-0.610487,-0.889028,-0.641792,-1.0546,-0.834632,-1.20915,-0.0236832,0,-0.101125,0,-0.183156,-0.100952,0.0708182,-0.229842,0.353128,0.612183,0.360524,0.53316,0.287504,0.553134,1.04986,1.4899,0.489789,0.660585,0.211307,0.315689,0.284306,0.490172,0.0203058,0.133877,-0.0411716,0,-0.131062,0.0981949,-0.179899,0,0.307892,0.41655,-0.254855,0,-0.228287,-0.299147,0.407576,0.650499,-0.283058,-0.1153,-0.289892,-0.256928,0.178045,0.252647,0.760987,1.17984,-0.305788,-0.145999,-0.52162,0,0.189695,0.470022,0.912145,1.155,-0.127771,0.109345,0.0654725,0.184805,0.408595,0.588918,0.553255,0.820412,0.278869,0.471975,0.780128,0.889069,0.324679,0.401596,-0.595123,-0.697782,0.629055,0.668472,-0.372412,-0.705769,-0.284412,-0.450681,-0.605487,-0.998546,0.558831,0.210513,-0.119484,-0.368869,-0.225895,-0.463834,-0.224639,-0.440344,-0.250837,-0.45369,-0.113584,-0.314803,-0.656722,-0.858008,-0.306725,-0.492511,-0.282354,-0.385937,-0.241686,-0.355785,0.0742902,0.418771,0.781009,1.19345,-0.0152888,-0.572623,-0.0109848,-0.430742,0.403693,0.831787,0.73346,1.38825,-0.272175,-0.692097,-0.633334,-0.985783,-0.345382,-0.834991,-0.0223923,-0.28214,-0.625957,-0.862312,-0.338316,-0.801494,-0.169518,-0.42378,-0.0354275,-0.48073,-0.158875,-0.732373,0.497849,1.04813,0.155146,0.546051,-0.807624,-1.38642,0.370538,0.617635,-0.311658,-0.763604,-0.133749,-0.589391,0.199351,0.464273,0.852138,1.00499,-0.0630126,-0.382682,-0.0367435,-0.188943,0.317348,0.538878,0.125901,0.629458,0.0418157,0.647292,-0.340366,-0.548154,0.0245307,0.405828,-0.016405,-0.349053,-0.670918,-1.08677,-0.173547,-0.745803,0.417919,1.19345,0.0749701,0.454619,0.130471,0.24824,0.525983,0.831787,0.359459,1.38825,-0.020683,-0.22227,-0.58362,-0.985783,-0.203282,-0.354051,-0.260106,-0.28214,-0.688487,-0.86388,-0.46232,-0.801494,-0.452874,-1.10968,-0.456463,-1.57248,-0.715655,-1.66401,0.0152306,-0.731993,-0.134111,-0.568629,-0.872286,-1.38642,0.37575,0.53857,0.0811166,1.02503,0.0489546,0.607295,0.834235,2.18312,1.50169,2.53542,0.39524,1.10459,0.229452,0.0803323,0.542588,0.907006,0.491298,0.929509,0.0838424,0.647292,-0.588927,-0.548154,0.10542,0.405828,0.0679129,-0.349053,-1.32509,-1.08677,-0.300229,-0.745803,-0.0153782,-0.140358,0.180068,0.488924,0.221171,0.448952,0.453295,0.831787,0.10403,1.38825,0.237971,-0.22227,-0.532731,-0.985783,0.140681,-0.354051,-0.382146,-0.715711,-0.656189,-0.86388,-0.475729,-0.801494,-0.581915,-1.10968,-0.778302,-1.57248,-1.00191,-1.66401,-0.291826,-0.731993,-0.279492,-0.568629,-0.876915,-1.38642,0.436827,0.53857,0.22826,1.02503,0.113545,0.607295,1.335,2.18312,1.66926,2.53542,0.76867,1.10459,0.482632,0.836049,0.658291,0.907006,0.710746,0.929509,0.171678,0.647292,-0.973393,-0.0403346,0.258609,0.697101,0.298905,1.00985,1002,210,1212,24
yasuyuki_free.mat,0.466912,0.616288,0.139797,0,-0.12273,0,-0.514754,-0.409025,1.30757,0,0.256449,0.546933,-0.477937,0,-0.191621,-0.0545194,-0.027506,-0.119534,-0.25228,-0.310027,-0.452892,-0.749419,-0.217072,-0.390576,-0.249319,-0.3507,-0.188984,-0.60669,0.00375772,0,-0.513197,0,-0.409158,-0.770829,-0.236579,-0.337714,-0.265527,-0.376554,-0.499934,-0.849361,-0.172459,-0.298909,-0.0139268,-0.128866,0.0876887,0.178969,0.295072,0.101425,0.0480506,0.125529,1.04692,1.26543,0.203478,0.285028,-0.0630213,0.0800586,0.139209,0.272449,0.435804,0.518663,0.162449,0.229305,0.276735,0.202968,0.450264,0.672234,0.20127,0,0.0537514,0.0712437,-1.47421,0,1.15345,0.809001,0.357011,0.387485,-0.00213281,0,-0.611647,0,0.0594181,0.311286,0.107843,0,0.109479,0,0.109688,0,0.182111,0.301846,0.119615,0,0.157697,0.95013,-0.498198,-0.805315,-0.164952,0,0.30308,0,0.12821,0,0.63157,0,0.238905,0.2796,0.212924,0.313477,-0.25153,0,0.702633,0.862787,-0.562897,-0.696806,0.540068,0.157442,-0.799085,0,-0.594535,-0.68018,-0.496842,0,0.0988206,0.130885,-0.442263,0,-0.0176835,0.391049,-0.483978,-0.875534,-0.398008,-0.673933,-0.0333728,0.207409,-1.44195,-1.73907,0.741859,0.816958,-0.478001,-0.686639,0.259317,0.46723,-1.26728,-1.44025,-0.614123,-0.79563,0.959482,1.00988,0.625498,0.894722,0.532479,0.254631,0.174199,0.231784,0.884686,1.44878,0.995129,1.62531,0.721691,1.19171,0.895219,1.19402,1.22472,1.49934,0.492988,0.663307,0.671164,0.960191,0.324727,0.563447,0.0743596,0.170415,-0.723165,-1.13812,0.652817,0.996327,-0.554332,-0.901475,0.344461,0.512612,-1.59466,-2.1158,-0.222994,0.113937,-0.771227,-1.13278,-0.487673,0,-0.764175,-0.949845,-0.73694,-0.838496,-0.748042,-1.09108,-0.095116,-0.673933,-0.213656,-0.418904,-0.397807,0.965726,0.881714,1.11458,-0.240783,-0.686639,0.196118,0.46723,-0.756071,-1.44025,-0.413304,-0.79563,1.25942,1.67515,0.374205,0.894722,0.689392,1.12144,0.0649979,0.231784,0.719638,1.44878,0.595952,1.62531,0.53983,1.19171,0.492441,1.19402,0.792248,1.49934,0.308492,0.663307,0.533796,0.285178,0.0715874,0.563447,-5.3912e-06,-0.224499,-0.551551,-1.13812,0.359441,0.996327,-0.600525,-0.901475,0.482789,0.753846,-1.38312,-2.1158,-0.459296,-0.793133,-0.739865,-1.13278,-0.91598,-1.32257,-0.223956,-0.949845,-0.619574,-0.838496,-0.809987,-1.09108,0.0070531,-0.673933,-0.231214,-0.45501,0.13353,0.965726,0.887922,1.11458,-0.0777233,0.246001,0.311232,0.46723,-0.496772,-0.612433,-0.313845,-0.328711,1.44551,1.67515,0.264291,0.894722,0.79447,1.12144,-0.0993917,0.231784,0.45752,1.44878,0.229437,1.62531,0.178645,1.19171,0.149284,-0.233769,0.518619,0.640413,0.208107,0.382886,0.829214,1.83108,0.0155894,0.391431,-0.0611651,-0.224499,-0.466146,-1.13812,0.356475,1.00083,-0.441234,-0.901475,0.401618,0.753846,-1.33731,-2.1158,-0.480019,-0.793133,-0.66574,-1.13278,-1.06687,-1.32257,0.0521518,0.609131,-0.689502,-0.838496,788,131,919,25
